"filename", "language", "JSON", "TypeScript", "SCSS", "Markdown", "JavaScript", "HTML", "CSS", "XML", "YAML", "comment", "blank", "total"
"d:\370\FinalFrontend\final\README.md", "Markdown", 0, 0, 0, 14, 0, 0, 0, 0, 0, 0, 14, 28
"d:\370\FinalFrontend\final\angular.json", "JSON", 133, 0, 0, 0, 0, 0, 0, 0, 0, 23, 0, 156
"d:\370\FinalFrontend\final\buildspec.yml", "YAML", 0, 0, 0, 0, 0, 0, 0, 0, 24, 2, 1, 27
"d:\370\FinalFrontend\final\dist\10-es2015.9918140be9a68d9fdd80.js", "JavaScript", 0, 0, 0, 0, 1, 0, 0, 0, 0, 0, 0, 1
"d:\370\FinalFrontend\final\dist\10-es5.9918140be9a68d9fdd80.js", "JavaScript", 0, 0, 0, 0, 1, 0, 0, 0, 0, 0, 0, 1
"d:\370\FinalFrontend\final\dist\11-es2015.e56c48e5aace6eaba13c.js", "JavaScript", 0, 0, 0, 0, 1, 0, 0, 0, 0, 0, 0, 1
"d:\370\FinalFrontend\final\dist\11-es5.e56c48e5aace6eaba13c.js", "JavaScript", 0, 0, 0, 0, 1, 0, 0, 0, 0, 0, 0, 1
"d:\370\FinalFrontend\final\dist\12-es2015.4181614babe118348a35.js", "JavaScript", 0, 0, 0, 0, 1, 0, 0, 0, 0, 0, 0, 1
"d:\370\FinalFrontend\final\dist\12-es5.4181614babe118348a35.js", "JavaScript", 0, 0, 0, 0, 1, 0, 0, 0, 0, 0, 0, 1
"d:\370\FinalFrontend\final\dist\13-es2015.47e9b609f89fd0b935e9.js", "JavaScript", 0, 0, 0, 0, 1, 0, 0, 0, 0, 0, 0, 1
"d:\370\FinalFrontend\final\dist\13-es5.47e9b609f89fd0b935e9.js", "JavaScript", 0, 0, 0, 0, 1, 0, 0, 0, 0, 0, 0, 1
"d:\370\FinalFrontend\final\dist\14-es2015.964823bce04fefcf922b.js", "JavaScript", 0, 0, 0, 0, 1, 0, 0, 0, 0, 0, 0, 1
"d:\370\FinalFrontend\final\dist\14-es5.964823bce04fefcf922b.js", "JavaScript", 0, 0, 0, 0, 1, 0, 0, 0, 0, 0, 0, 1
"d:\370\FinalFrontend\final\dist\15-es2015.f5ea09c96ec06cb0ec08.js", "JavaScript", 0, 0, 0, 0, 1, 0, 0, 0, 0, 0, 0, 1
"d:\370\FinalFrontend\final\dist\15-es5.f5ea09c96ec06cb0ec08.js", "JavaScript", 0, 0, 0, 0, 1, 0, 0, 0, 0, 0, 0, 1
"d:\370\FinalFrontend\final\dist\16-es2015.5228aaf28d4261e496c8.js", "JavaScript", 0, 0, 0, 0, 1, 0, 0, 0, 0, 0, 0, 1
"d:\370\FinalFrontend\final\dist\16-es5.5228aaf28d4261e496c8.js", "JavaScript", 0, 0, 0, 0, 1, 0, 0, 0, 0, 0, 0, 1
"d:\370\FinalFrontend\final\dist\17-es2015.4056d029d53f4f22c61b.js", "JavaScript", 0, 0, 0, 0, 1, 0, 0, 0, 0, 0, 0, 1
"d:\370\FinalFrontend\final\dist\17-es5.4056d029d53f4f22c61b.js", "JavaScript", 0, 0, 0, 0, 1, 0, 0, 0, 0, 0, 0, 1
"d:\370\FinalFrontend\final\dist\18-es2015.2c1513d138bf5e720385.js", "JavaScript", 0, 0, 0, 0, 1, 0, 0, 0, 0, 0, 0, 1
"d:\370\FinalFrontend\final\dist\18-es5.2c1513d138bf5e720385.js", "JavaScript", 0, 0, 0, 0, 1, 0, 0, 0, 0, 0, 0, 1
"d:\370\FinalFrontend\final\dist\19-es2015.3fc89b4d5dcd6fdba870.js", "JavaScript", 0, 0, 0, 0, 1, 0, 0, 0, 0, 0, 0, 1
"d:\370\FinalFrontend\final\dist\19-es5.3fc89b4d5dcd6fdba870.js", "JavaScript", 0, 0, 0, 0, 1, 0, 0, 0, 0, 0, 0, 1
"d:\370\FinalFrontend\final\dist\20-es2015.08afd0316c761385a743.js", "JavaScript", 0, 0, 0, 0, 1, 0, 0, 0, 0, 0, 0, 1
"d:\370\FinalFrontend\final\dist\20-es5.08afd0316c761385a743.js", "JavaScript", 0, 0, 0, 0, 1, 0, 0, 0, 0, 0, 0, 1
"d:\370\FinalFrontend\final\dist\6-es2015.2e64c3c62edacd277788.js", "JavaScript", 0, 0, 0, 0, 1, 0, 0, 0, 0, 0, 0, 1
"d:\370\FinalFrontend\final\dist\6-es5.2e64c3c62edacd277788.js", "JavaScript", 0, 0, 0, 0, 1, 0, 0, 0, 0, 0, 0, 1
"d:\370\FinalFrontend\final\dist\7-es2015.23e4facdeede8f22727c.js", "JavaScript", 0, 0, 0, 0, 1, 0, 0, 0, 0, 0, 0, 1
"d:\370\FinalFrontend\final\dist\7-es5.23e4facdeede8f22727c.js", "JavaScript", 0, 0, 0, 0, 1, 0, 0, 0, 0, 0, 0, 1
"d:\370\FinalFrontend\final\dist\8-es2015.fc2c91f0fe4f94ea981d.js", "JavaScript", 0, 0, 0, 0, 1, 0, 0, 0, 0, 0, 0, 1
"d:\370\FinalFrontend\final\dist\8-es5.fc2c91f0fe4f94ea981d.js", "JavaScript", 0, 0, 0, 0, 1, 0, 0, 0, 0, 0, 0, 1
"d:\370\FinalFrontend\final\dist\9-es2015.4959458d95e02d698cb4.js", "JavaScript", 0, 0, 0, 0, 1, 0, 0, 0, 0, 0, 0, 1
"d:\370\FinalFrontend\final\dist\9-es5.4959458d95e02d698cb4.js", "JavaScript", 0, 0, 0, 0, 1, 0, 0, 0, 0, 0, 0, 1
"d:\370\FinalFrontend\final\dist\assets\data\company.json", "JSON", 505, 0, 0, 0, 0, 0, 0, 0, 0, 0, 1, 506
"d:\370\FinalFrontend\final\dist\assets\img\flags\de.svg", "XML", 0, 0, 0, 0, 0, 0, 0, 5, 0, 0, 1, 6
"d:\370\FinalFrontend\final\dist\assets\img\flags\fr.svg", "XML", 0, 0, 0, 0, 0, 0, 0, 7, 0, 0, 1, 8
"d:\370\FinalFrontend\final\dist\assets\img\flags\gb.svg", "XML", 0, 0, 0, 0, 0, 0, 0, 15, 0, 0, 1, 16
"d:\370\FinalFrontend\final\dist\assets\img\flags\ru.svg", "XML", 0, 0, 0, 0, 0, 0, 0, 7, 0, 0, 1, 8
"d:\370\FinalFrontend\final\dist\assets\img\flags\tr.svg", "XML", 0, 0, 0, 0, 0, 0, 0, 8, 0, 0, 1, 9
"d:\370\FinalFrontend\final\dist\common-es2015.626c1efe8129cf01cfda.js", "JavaScript", 0, 0, 0, 0, 1, 0, 0, 0, 0, 0, 0, 1
"d:\370\FinalFrontend\final\dist\common-es5.626c1efe8129cf01cfda.js", "JavaScript", 0, 0, 0, 0, 1, 0, 0, 0, 0, 0, 0, 1
"d:\370\FinalFrontend\final\dist\data-table.3b0234636efe7d0e78de.svg", "XML", 0, 0, 0, 0, 0, 0, 0, 25, 0, 0, 2, 27
"d:\370\FinalFrontend\final\dist\index.html", "HTML", 0, 0, 0, 0, 0, 16, 0, 0, 0, 0, 0, 16
"d:\370\FinalFrontend\final\dist\main-es2015.efb4cf16793aa218d5f1.js", "JavaScript", 0, 0, 0, 0, 1, 0, 0, 0, 0, 0, 0, 1
"d:\370\FinalFrontend\final\dist\main-es5.efb4cf16793aa218d5f1.js", "JavaScript", 0, 0, 0, 0, 1, 0, 0, 0, 0, 0, 0, 1
"d:\370\FinalFrontend\final\dist\polyfills-es2015.cde7ecbf5612ec5b9883.js", "JavaScript", 0, 0, 0, 0, 1, 0, 0, 0, 0, 0, 0, 1
"d:\370\FinalFrontend\final\dist\polyfills-es5.e0ba72b783138a676cd2.js", "JavaScript", 0, 0, 0, 0, 1, 0, 0, 0, 0, 0, 0, 1
"d:\370\FinalFrontend\final\dist\runtime-es2015.5910d380dea7b5b2a72a.js", "JavaScript", 0, 0, 0, 0, 1, 0, 0, 0, 0, 0, 0, 1
"d:\370\FinalFrontend\final\dist\runtime-es5.5910d380dea7b5b2a72a.js", "JavaScript", 0, 0, 0, 0, 1, 0, 0, 0, 0, 0, 0, 1
"d:\370\FinalFrontend\final\dist\scripts.e77ee0a5d905ce459672.js", "JavaScript", 0, 0, 0, 0, 1, 0, 0, 0, 0, 0, 0, 1
"d:\370\FinalFrontend\final\dist\styles.c866c20e4f95df7ac317.css", "CSS", 0, 0, 0, 0, 0, 0, 3, 0, 0, 0, 0, 3
"d:\370\FinalFrontend\final\e2e\protractor.conf.js", "JavaScript", 0, 0, 0, 0, 24, 0, 0, 0, 0, 6, 2, 32
"d:\370\FinalFrontend\final\e2e\src\app.e2e-spec.ts", "TypeScript", 0, 18, 0, 0, 0, 0, 0, 0, 0, 1, 5, 24
"d:\370\FinalFrontend\final\e2e\src\app.po.ts", "TypeScript", 0, 9, 0, 0, 0, 0, 0, 0, 0, 0, 3, 12
"d:\370\FinalFrontend\final\e2e\tsconfig.e2e.json", "JSON", 13, 0, 0, 0, 0, 0, 0, 0, 0, 0, 0, 13
"d:\370\FinalFrontend\final\e2e\tsconfig.json", "JSON", 13, 0, 0, 0, 0, 0, 0, 0, 0, 0, 1, 14
"d:\370\FinalFrontend\final\karma.conf.js", "JavaScript", 0, 0, 0, 0, 29, 0, 0, 0, 0, 2, 2, 33
"d:\370\FinalFrontend\final\package-lock.json", "JSON", 15823, 0, 0, 0, 0, 0, 0, 0, 0, 0, 1, 15824
"d:\370\FinalFrontend\final\package.json", "JSON", 79, 0, 0, 0, 0, 0, 0, 0, 0, 0, 1, 80
"d:\370\FinalFrontend\final\src\README.md", "Markdown", 0, 0, 0, 14, 0, 0, 0, 0, 0, 0, 14, 28
"d:\370\FinalFrontend\final\src\angular.json", "JSON", 130, 0, 0, 0, 0, 0, 0, 0, 0, 20, 0, 150
"d:\370\FinalFrontend\final\src\app\Models\Day_Of_Week.ts", "TypeScript", 0, 5, 0, 0, 0, 0, 0, 0, 0, 0, 2, 7
"d:\370\FinalFrontend\final\src\app\Models\Farm.ts", "TypeScript", 0, 36, 0, 0, 0, 0, 0, 0, 0, 0, 2, 38
"d:\370\FinalFrontend\final\src\app\Models\FarmTypes.ts", "TypeScript", 0, 4, 0, 0, 0, 0, 0, 0, 0, 0, 0, 4
"d:\370\FinalFrontend\final\src\app\Models\Fault.ts", "TypeScript", 0, 29, 0, 0, 0, 0, 0, 0, 0, 0, 2, 31
"d:\370\FinalFrontend\final\src\app\Models\FaultType.ts", "TypeScript", 0, 5, 0, 0, 0, 0, 0, 0, 0, 0, 1, 6
"d:\370\FinalFrontend\final\src\app\Models\Importance.ts", "TypeScript", 0, 5, 0, 0, 0, 0, 0, 0, 0, 0, 1, 6
"d:\370\FinalFrontend\final\src\app\Models\Infrastructures.ts", "TypeScript", 0, 19, 0, 0, 0, 0, 0, 0, 0, 1, 2, 22
"d:\370\FinalFrontend\final\src\app\Models\InsuranceProviders.ts", "TypeScript", 0, 16, 0, 0, 0, 0, 0, 0, 0, 0, 1, 17
"d:\370\FinalFrontend\final\src\app\Models\Maintenance.ts", "TypeScript", 0, 29, 0, 0, 0, 0, 0, 0, 0, 0, 2, 31
"d:\370\FinalFrontend\final\src\app\Models\MaintenanceType.ts", "TypeScript", 0, 5, 0, 0, 0, 0, 0, 0, 0, 0, 2, 7
"d:\370\FinalFrontend\final\src\app\Models\Provinces.ts", "TypeScript", 0, 4, 0, 0, 0, 0, 0, 0, 0, 0, 0, 4
"d:\370\FinalFrontend\final\src\app\Models\RepairLogs.ts", "TypeScript", 0, 31, 0, 0, 0, 0, 0, 0, 0, 1, 2, 34
"d:\370\FinalFrontend\final\src\app\Models\RepairRequests.ts", "TypeScript", 0, 8, 0, 0, 0, 0, 0, 0, 0, 0, 1, 9
"d:\370\FinalFrontend\final\src\app\Models\SRProvider.ts", "TypeScript", 0, 19, 0, 0, 0, 0, 0, 0, 0, 0, 2, 21
"d:\370\FinalFrontend\final\src\app\Models\ScheduledTasks.ts", "TypeScript", 0, 20, 0, 0, 0, 0, 0, 0, 0, 0, 1, 21
"d:\370\FinalFrontend\final\src\app\Models\Section.ts", "TypeScript", 0, 19, 0, 0, 0, 0, 0, 0, 0, 0, 2, 21
"d:\370\FinalFrontend\final\src\app\Models\SectionType.ts", "TypeScript", 0, 11, 0, 0, 0, 0, 0, 0, 0, 0, 2, 13
"d:\370\FinalFrontend\final\src\app\Models\Skill.ts", "TypeScript", 0, 11, 0, 0, 0, 0, 0, 0, 0, 0, 1, 12
"d:\370\FinalFrontend\final\src\app\Models\Staff.ts", "TypeScript", 0, 33, 0, 0, 0, 0, 0, 0, 0, 0, 6, 39
"d:\370\FinalFrontend\final\src\app\Models\StaffSchedules.ts", "TypeScript", 0, 5, 0, 0, 0, 0, 0, 0, 0, 0, 1, 6
"d:\370\FinalFrontend\final\src\app\Models\Status.ts", "TypeScript", 0, 5, 0, 0, 0, 0, 0, 0, 0, 0, 1, 6
"d:\370\FinalFrontend\final\src\app\Models\Task.ts", "TypeScript", 0, 37, 0, 0, 0, 0, 0, 0, 0, 0, 5, 42
"d:\370\FinalFrontend\final\src\app\Models\Task_Type.ts", "TypeScript", 0, 5, 0, 0, 0, 0, 0, 0, 0, 0, 1, 6
"d:\370\FinalFrontend\final\src\app\Models\User.ts", "TypeScript", 0, 3, 0, 0, 0, 0, 0, 0, 0, 0, 3, 6
"d:\370\FinalFrontend\final\src\app\Models\VehicleService.ts", "TypeScript", 0, 37, 0, 0, 0, 0, 0, 0, 0, 0, 3, 40
"d:\370\FinalFrontend\final\src\app\Models\Vehicles.ts", "TypeScript", 0, 31, 0, 0, 0, 0, 0, 0, 0, 0, 4, 35
"d:\370\FinalFrontend\final\src\app\Models\eqType.ts", "TypeScript", 0, 5, 0, 0, 0, 0, 0, 0, 0, 0, 0, 5
"d:\370\FinalFrontend\final\src\app\Models\equipment.ts", "TypeScript", 0, 26, 0, 0, 0, 0, 0, 0, 0, 0, 4, 30
"d:\370\FinalFrontend\final\src\app\Models\infType.ts", "TypeScript", 0, 4, 0, 0, 0, 0, 0, 0, 0, 1, 0, 5
"d:\370\FinalFrontend\final\src\app\Models\register.ts", "TypeScript", 0, 12, 0, 0, 0, 0, 0, 0, 0, 0, 0, 12
"d:\370\FinalFrontend\final\src\app\Models\veTypes.ts", "TypeScript", 0, 4, 0, 0, 0, 0, 0, 0, 0, 0, 0, 4
"d:\370\FinalFrontend\final\src\app\about\about.component.html", "HTML", 0, 0, 0, 0, 0, 18, 0, 0, 0, 0, 4, 22
"d:\370\FinalFrontend\final\src\app\about\about.component.scss", "SCSS", 0, 0, 1, 0, 0, 0, 0, 0, 0, 0, 0, 1
"d:\370\FinalFrontend\final\src\app\about\about.component.ts", "TypeScript", 0, 11, 0, 0, 0, 0, 0, 0, 0, 0, 5, 16
"d:\370\FinalFrontend\final\src\app\active-list\active-list.component.html", "HTML", 0, 0, 0, 0, 0, 5, 0, 0, 0, 0, 1, 6
"d:\370\FinalFrontend\final\src\app\active-list\active-list.component.scss", "SCSS", 0, 0, 0, 0, 0, 0, 0, 0, 0, 0, 1, 1
"d:\370\FinalFrontend\final\src\app\active-list\active-list.component.ts", "TypeScript", 0, 19, 0, 0, 0, 0, 0, 0, 0, 0, 12, 31
"d:\370\FinalFrontend\final\src\app\app.component.html", "HTML", 0, 0, 0, 0, 0, 12, 0, 0, 0, 0, 0, 12
"d:\370\FinalFrontend\final\src\app\app.component.scss", "SCSS", 0, 0, 66, 0, 0, 0, 0, 0, 0, 0, 3, 69
"d:\370\FinalFrontend\final\src\app\app.component.ts", "TypeScript", 0, 15, 0, 0, 0, 0, 0, 0, 0, 0, 2, 17
"d:\370\FinalFrontend\final\src\app\app.module.ts", "TypeScript", 0, 190, 0, 0, 0, 0, 0, 0, 0, 1, 17, 208
"d:\370\FinalFrontend\final\src\app\app.routing.ts", "TypeScript", 0, 100, 0, 0, 0, 0, 0, 0, 0, 1, 11, 112
"d:\370\FinalFrontend\final\src\app\app.settings.model.ts", "TypeScript", 0, 13, 0, 0, 0, 0, 0, 0, 0, 0, 0, 13
"d:\370\FinalFrontend\final\src\app\app.settings.ts", "TypeScript", 0, 18, 0, 0, 0, 0, 0, 0, 0, 0, 3, 21
"d:\370\FinalFrontend\final\src\app\audit-log\audit-log.component.html", "HTML", 0, 0, 0, 0, 0, 20, 0, 0, 0, 0, 3, 23
"d:\370\FinalFrontend\final\src\app\audit-log\audit-log.component.scss", "SCSS", 0, 0, 0, 0, 0, 0, 0, 0, 0, 0, 1, 1
"d:\370\FinalFrontend\final\src\app\audit-log\audit-log.component.ts", "TypeScript", 0, 13, 0, 0, 0, 0, 0, 0, 0, 0, 6, 19
"d:\370\FinalFrontend\final\src\app\email-sent\email-sent.component.html", "HTML", 0, 0, 0, 0, 0, 2, 0, 0, 0, 0, 1, 3
"d:\370\FinalFrontend\final\src\app\email-sent\email-sent.component.scss", "SCSS", 0, 0, 0, 0, 0, 0, 0, 0, 0, 0, 1, 1
"d:\370\FinalFrontend\final\src\app\email-sent\email-sent.component.ts", "TypeScript", 0, 11, 0, 0, 0, 0, 0, 0, 0, 0, 5, 16
"d:\370\FinalFrontend\final\src\app\equipment-types\equipment-types.component.html", "HTML", 0, 0, 0, 0, 0, 63, 0, 0, 0, 0, 18, 81
"d:\370\FinalFrontend\final\src\app\equipment-types\equipment-types.component.scss", "SCSS", 0, 0, 0, 0, 0, 0, 0, 0, 0, 0, 1, 1
"d:\370\FinalFrontend\final\src\app\equipment-types\equipment-types.component.ts", "TypeScript", 0, 170, 0, 0, 0, 0, 0, 0, 0, 10, 33, 213
"d:\370\FinalFrontend\final\src\app\equipment-types\equipmenttypeservice.ts", "TypeScript", 0, 46, 0, 0, 0, 0, 0, 0, 0, 4, 10, 60
"d:\370\FinalFrontend\final\src\app\equipment\equipment.component.html", "HTML", 0, 0, 0, 0, 0, 210, 0, 0, 0, 0, 44, 254
"d:\370\FinalFrontend\final\src\app\equipment\equipment.component.scss", "SCSS", 0, 0, 26, 0, 0, 0, 0, 0, 0, 0, 5, 31
"d:\370\FinalFrontend\final\src\app\equipment\equipment.component.ts", "TypeScript", 0, 266, 0, 0, 0, 0, 0, 0, 0, 16, 83, 365
"d:\370\FinalFrontend\final\src\app\equipment\equipmentservice.ts", "TypeScript", 0, 79, 0, 0, 0, 0, 0, 0, 0, 7, 30, 116
"d:\370\FinalFrontend\final\src\app\farm-health\farm-health.component.html", "HTML", 0, 0, 0, 0, 0, 86, 0, 0, 0, 0, 6, 92
"d:\370\FinalFrontend\final\src\app\farm-health\farm-health.component.scss", "SCSS", 0, 0, 3, 0, 0, 0, 0, 0, 0, 0, 0, 3
"d:\370\FinalFrontend\final\src\app\farm-health\farm-health.component.ts", "TypeScript", 0, 159, 0, 0, 0, 0, 0, 0, 0, 0, 12, 171
"d:\370\FinalFrontend\final\src\app\farm-health\farmhealthservice.ts", "TypeScript", 0, 7, 0, 0, 0, 0, 0, 0, 0, 0, 1, 8
"d:\370\FinalFrontend\final\src\app\farm\farm.component.html", "HTML", 0, 0, 0, 0, 0, 284, 0, 0, 0, 18, 24, 326
"d:\370\FinalFrontend\final\src\app\farm\farm.component.scss", "SCSS", 0, 0, 9, 0, 0, 0, 0, 0, 0, 0, 0, 9
"d:\370\FinalFrontend\final\src\app\farm\farm.component.ts", "TypeScript", 0, 319, 0, 0, 0, 0, 0, 0, 0, 7, 50, 376
"d:\370\FinalFrontend\final\src\app\farm\farmService.service.ts", "TypeScript", 0, 87, 0, 0, 0, 0, 0, 0, 0, 1, 24, 112
"d:\370\FinalFrontend\final\src\app\fault-log\fault-log.component.html", "HTML", 0, 0, 0, 0, 0, 286, 0, 0, 0, 0, 43, 329
"d:\370\FinalFrontend\final\src\app\fault-log\fault-log.component.scss", "SCSS", 0, 0, 17, 0, 0, 0, 0, 0, 0, 0, 3, 20
"d:\370\FinalFrontend\final\src\app\fault-log\fault-log.component.ts", "TypeScript", 0, 159, 0, 0, 0, 0, 0, 0, 0, 12, 29, 200
"d:\370\FinalFrontend\final\src\app\fault-log\fault-service.service.ts", "TypeScript", 0, 51, 0, 0, 0, 0, 0, 0, 0, 16, 20, 87
"d:\370\FinalFrontend\final\src\app\faultreport\faultreport.component.html", "HTML", 0, 0, 0, 0, 0, 1, 0, 0, 0, 0, 1, 2
"d:\370\FinalFrontend\final\src\app\faultreport\faultreport.component.scss", "SCSS", 0, 0, 0, 0, 0, 0, 0, 0, 0, 0, 1, 1
"d:\370\FinalFrontend\final\src\app\faultreport\faultreport.component.ts", "TypeScript", 0, 11, 0, 0, 0, 0, 0, 0, 0, 0, 5, 16
"d:\370\FinalFrontend\final\src\app\fm-main\fm-main.component.html", "HTML", 0, 0, 0, 0, 0, 6, 0, 0, 0, 7, 2, 15
"d:\370\FinalFrontend\final\src\app\fm-main\fm-main.component.scss", "SCSS", 0, 0, 0, 0, 0, 0, 0, 0, 0, 0, 1, 1
"d:\370\FinalFrontend\final\src\app\fm-main\fm-main.component.ts", "TypeScript", 0, 17, 0, 0, 0, 0, 0, 0, 0, 0, 11, 28
"d:\370\FinalFrontend\final\src\app\home\home.component.html", "HTML", 0, 0, 0, 0, 0, 6, 0, 0, 0, 0, 6, 12
"d:\370\FinalFrontend\final\src\app\home\home.component.scss", "SCSS", 0, 0, 6, 0, 0, 0, 0, 0, 0, 0, 1, 7
"d:\370\FinalFrontend\final\src\app\home\home.component.ts", "TypeScript", 0, 11, 0, 0, 0, 0, 0, 0, 0, 0, 5, 16
"d:\370\FinalFrontend\final\src\app\infrastructure\infrastructure.component.html", "HTML", 0, 0, 0, 0, 0, 190, 0, 0, 0, 6, 19, 215
"d:\370\FinalFrontend\final\src\app\infrastructure\infrastructure.component.scss", "SCSS", 0, 0, 57, 0, 0, 0, 0, 0, 0, 11, 13, 81
"d:\370\FinalFrontend\final\src\app\infrastructure\infrastructure.component.ts", "TypeScript", 0, 184, 0, 0, 0, 0, 0, 0, 0, 17, 63, 264
"d:\370\FinalFrontend\final\src\app\infrastructure\infrastructure.service.ts", "TypeScript", 0, 69, 0, 0, 0, 0, 0, 0, 0, 7, 28, 104
"d:\370\FinalFrontend\final\src\app\insurnace-provider\insuranceService.service.ts", "TypeScript", 0, 52, 0, 0, 0, 0, 0, 0, 0, 0, 9, 61
"d:\370\FinalFrontend\final\src\app\insurnace-provider\insurnace-provider.component.html", "HTML", 0, 0, 0, 0, 0, 135, 0, 0, 0, 1, 14, 150
"d:\370\FinalFrontend\final\src\app\insurnace-provider\insurnace-provider.component.scss", "SCSS", 0, 0, 26, 0, 0, 0, 0, 0, 0, 0, 5, 31
"d:\370\FinalFrontend\final\src\app\insurnace-provider\insurnace-provider.component.ts", "TypeScript", 0, 139, 0, 0, 0, 0, 0, 0, 0, 7, 17, 163
"d:\370\FinalFrontend\final\src\app\logout\logout.component.html", "HTML", 0, 0, 0, 0, 0, 1, 0, 0, 0, 0, 1, 2
"d:\370\FinalFrontend\final\src\app\logout\logout.component.scss", "SCSS", 0, 0, 0, 0, 0, 0, 0, 0, 0, 0, 1, 1
"d:\370\FinalFrontend\final\src\app\logout\logout.component.ts", "TypeScript", 0, 14, 0, 0, 0, 0, 0, 0, 0, 1, 5, 20
"d:\370\FinalFrontend\final\src\app\maintenance-log\maintenance-log.component.html", "HTML", 0, 0, 0, 0, 0, 286, 0, 0, 0, 0, 43, 329
"d:\370\FinalFrontend\final\src\app\maintenance-log\maintenance-log.component.scss", "SCSS", 0, 0, 17, 0, 0, 0, 0, 0, 0, 0, 3, 20
"d:\370\FinalFrontend\final\src\app\maintenance-log\maintenance-log.component.ts", "TypeScript", 0, 155, 0, 0, 0, 0, 0, 0, 0, 11, 27, 193
"d:\370\FinalFrontend\final\src\app\maintenance-log\maintenance-service.service.ts", "TypeScript", 0, 51, 0, 0, 0, 0, 0, 0, 0, 16, 19, 86
"d:\370\FinalFrontend\final\src\app\maintenance-report\maintenance-report.component.html", "HTML", 0, 0, 0, 0, 0, 1, 0, 0, 0, 0, 1, 2
"d:\370\FinalFrontend\final\src\app\maintenance-report\maintenance-report.component.scss", "SCSS", 0, 0, 0, 0, 0, 0, 0, 0, 0, 0, 1, 1
"d:\370\FinalFrontend\final\src\app\maintenance-report\maintenance-report.component.ts", "TypeScript", 0, 11, 0, 0, 0, 0, 0, 0, 0, 0, 5, 16
"d:\370\FinalFrontend\final\src\app\new-password\new-password.component.html", "HTML", 0, 0, 0, 0, 0, 35, 0, 0, 0, 0, 5, 40
"d:\370\FinalFrontend\final\src\app\new-password\new-password.component.scss", "SCSS", 0, 0, 0, 0, 0, 0, 0, 0, 0, 0, 1, 1
"d:\370\FinalFrontend\final\src\app\new-password\new-password.component.ts", "TypeScript", 0, 13, 0, 0, 0, 0, 0, 0, 0, 0, 6, 19
"d:\370\FinalFrontend\final\src\app\pages\blank\blank.component.css", "CSS", 0, 0, 0, 0, 0, 0, 0, 0, 0, 0, 1, 1
"d:\370\FinalFrontend\final\src\app\pages\blank\blank.component.html", "HTML", 0, 0, 0, 0, 0, 0, 0, 0, 0, 0, 1, 1
"d:\370\FinalFrontend\final\src\app\pages\blank\blank.component.ts", "TypeScript", 0, 11, 0, 0, 0, 0, 0, 0, 0, 0, 5, 16
"d:\370\FinalFrontend\final\src\app\pages\charts\bar\bar.component.html", "HTML", 0, 0, 0, 0, 0, 178, 0, 0, 0, 0, 0, 178
"d:\370\FinalFrontend\final\src\app\pages\charts\bar\bar.component.ts", "TypeScript", 0, 31, 0, 0, 0, 0, 0, 0, 0, 0, 4, 35
"d:\370\FinalFrontend\final\src\app\pages\charts\bubble\bubble.component.html", "HTML", 0, 0, 0, 0, 0, 30, 0, 0, 0, 0, 0, 30
"d:\370\FinalFrontend\final\src\app\pages\charts\bubble\bubble.component.ts", "TypeScript", 0, 37, 0, 0, 0, 0, 0, 0, 0, 0, 5, 42
"d:\370\FinalFrontend\final\src\app\pages\charts\charts.data.ts", "TypeScript", 0, 230, 0, 0, 0, 0, 0, 0, 0, 0, 2, 232
"d:\370\FinalFrontend\final\src\app\pages\charts\charts.module.ts", "TypeScript", 0, 31, 0, 0, 0, 0, 0, 0, 0, 0, 2, 33
"d:\370\FinalFrontend\final\src\app\pages\charts\line\line.component.html", "HTML", 0, 0, 0, 0, 0, 92, 0, 0, 0, 0, 0, 92
"d:\370\FinalFrontend\final\src\app\pages\charts\line\line.component.ts", "TypeScript", 0, 32, 0, 0, 0, 0, 0, 0, 0, 0, 3, 35
"d:\370\FinalFrontend\final\src\app\pages\charts\pie\pie.component.html", "HTML", 0, 0, 0, 0, 0, 50, 0, 0, 0, 0, 0, 50
"d:\370\FinalFrontend\final\src\app\pages\charts\pie\pie.component.ts", "TypeScript", 0, 28, 0, 0, 0, 0, 0, 0, 0, 0, 4, 32
"d:\370\FinalFrontend\final\src\app\pages\chat\chat.component.html", "HTML", 0, 0, 0, 0, 0, 118, 0, 0, 0, 0, 3, 121
"d:\370\FinalFrontend\final\src\app\pages\chat\chat.component.scss", "SCSS", 0, 0, 61, 0, 0, 0, 0, 0, 0, 0, 2, 63
"d:\370\FinalFrontend\final\src\app\pages\chat\chat.component.ts", "TypeScript", 0, 81, 0, 0, 0, 0, 0, 0, 0, 0, 10, 91
"d:\370\FinalFrontend\final\src\app\pages\chat\chat.model.ts", "TypeScript", 0, 8, 0, 0, 0, 0, 0, 0, 0, 0, 0, 8
"d:\370\FinalFrontend\final\src\app\pages\chat\chat.module.ts", "TypeScript", 0, 23, 0, 0, 0, 0, 0, 0, 0, 0, 2, 25
"d:\370\FinalFrontend\final\src\app\pages\chat\chat.service.ts", "TypeScript", 0, 85, 0, 0, 0, 0, 0, 0, 0, 50, 10, 145
"d:\370\FinalFrontend\final\src\app\pages\dashboard\analytics\analytics.component.html", "HTML", 0, 0, 0, 0, 0, 24, 0, 0, 0, 0, 0, 24
"d:\370\FinalFrontend\final\src\app\pages\dashboard\analytics\analytics.component.ts", "TypeScript", 0, 37, 0, 0, 0, 0, 0, 0, 0, 0, 7, 44
"d:\370\FinalFrontend\final\src\app\pages\dashboard\dashboard.component.html", "HTML", 0, 0, 0, 0, 0, 49, 0, 0, 0, 0, 2, 51
"d:\370\FinalFrontend\final\src\app\pages\dashboard\dashboard.component.scss", "SCSS", 0, 0, 3, 0, 0, 0, 0, 0, 0, 0, 0, 3
"d:\370\FinalFrontend\final\src\app\pages\dashboard\dashboard.component.ts", "TypeScript", 0, 16, 0, 0, 0, 0, 0, 0, 0, 0, 5, 21
"d:\370\FinalFrontend\final\src\app\pages\dashboard\dashboard.data.ts", "TypeScript", 0, 285, 0, 0, 0, 0, 0, 0, 0, 0, 5, 290
"d:\370\FinalFrontend\final\src\app\pages\dashboard\dashboard.module.ts", "TypeScript", 0, 33, 0, 0, 0, 0, 0, 0, 0, 0, 3, 36
"d:\370\FinalFrontend\final\src\app\pages\dashboard\disk-space\disk-space.component.html", "HTML", 0, 0, 0, 0, 0, 23, 0, 0, 0, 0, 0, 23
"d:\370\FinalFrontend\final\src\app\pages\dashboard\disk-space\disk-space.component.ts", "TypeScript", 0, 32, 0, 0, 0, 0, 0, 0, 0, 0, 6, 38
"d:\370\FinalFrontend\final\src\app\pages\dashboard\info-cards\info-cards.component.html", "HTML", 0, 0, 0, 0, 0, 80, 0, 0, 0, 0, 0, 80
"d:\370\FinalFrontend\final\src\app\pages\dashboard\info-cards\info-cards.component.scss", "SCSS", 0, 0, 9, 0, 0, 0, 0, 0, 0, 0, 0, 9
"d:\370\FinalFrontend\final\src\app\pages\dashboard\info-cards\info-cards.component.ts", "TypeScript", 0, 65, 0, 0, 0, 0, 0, 0, 0, 0, 7, 72
"d:\370\FinalFrontend\final\src\app\pages\dashboard\todo\todo.component.html", "HTML", 0, 0, 0, 0, 0, 27, 0, 0, 0, 0, 0, 27
"d:\370\FinalFrontend\final\src\app\pages\dashboard\todo\todo.component.scss", "SCSS", 0, 0, 3, 0, 0, 0, 0, 0, 0, 0, 0, 3
"d:\370\FinalFrontend\final\src\app\pages\dashboard\todo\todo.component.ts", "TypeScript", 0, 28, 0, 0, 0, 0, 0, 0, 0, 0, 5, 33
"d:\370\FinalFrontend\final\src\app\pages\dashboard\todo\todo.service.ts", "TypeScript", 0, 17, 0, 0, 0, 0, 0, 0, 0, 0, 3, 20
"d:\370\FinalFrontend\final\src\app\pages\drag-drop\drag-drop.component.html", "HTML", 0, 0, 0, 0, 0, 44, 0, 0, 0, 0, 0, 44
"d:\370\FinalFrontend\final\src\app\pages\drag-drop\drag-drop.component.scss", "SCSS", 0, 0, 3, 0, 0, 0, 0, 0, 0, 0, 0, 3
"d:\370\FinalFrontend\final\src\app\pages\drag-drop\drag-drop.component.ts", "TypeScript", 0, 16, 0, 0, 0, 0, 0, 0, 0, 0, 1, 17
"d:\370\FinalFrontend\final\src\app\pages\drag-drop\drag-drop.module.ts", "TypeScript", 0, 21, 0, 0, 0, 0, 0, 0, 0, 0, 2, 23
"d:\370\FinalFrontend\final\src\app\pages\dynamic-menu\dynamic-menu.component.html", "HTML", 0, 0, 0, 0, 0, 46, 0, 0, 0, 0, 0, 46
"d:\370\FinalFrontend\final\src\app\pages\dynamic-menu\dynamic-menu.component.ts", "TypeScript", 0, 87, 0, 0, 0, 0, 0, 0, 0, 0, 6, 93
"d:\370\FinalFrontend\final\src\app\pages\dynamic-menu\dynamic-menu.module.ts", "TypeScript", 0, 22, 0, 0, 0, 0, 0, 0, 0, 0, 2, 24
"d:\370\FinalFrontend\final\src\app\pages\dynamic-menu\dynamic-menu.service.ts", "TypeScript", 0, 26, 0, 0, 0, 0, 0, 0, 0, 0, 11, 37
"d:\370\FinalFrontend\final\src\app\pages\errors\error\error.component.html", "HTML", 0, 0, 0, 0, 0, 22, 0, 0, 0, 0, 6, 28
"d:\370\FinalFrontend\final\src\app\pages\errors\error\error.component.ts", "TypeScript", 0, 20, 0, 0, 0, 0, 0, 0, 0, 0, 4, 24
"d:\370\FinalFrontend\final\src\app\pages\errors\not-found\not-found.component.html", "HTML", 0, 0, 0, 0, 0, 24, 0, 0, 0, 0, 6, 30
"d:\370\FinalFrontend\final\src\app\pages\errors\not-found\not-found.component.ts", "TypeScript", 0, 20, 0, 0, 0, 0, 0, 0, 0, 0, 4, 24
"d:\370\FinalFrontend\final\src\app\pages\form-controls\autocomplete\autocomplete.component.html", "HTML", 0, 0, 0, 0, 0, 40, 0, 0, 0, 0, 0, 40
"d:\370\FinalFrontend\final\src\app\pages\form-controls\autocomplete\autocomplete.component.ts", "TypeScript", 0, 34, 0, 0, 0, 0, 0, 0, 0, 0, 3, 37
"d:\370\FinalFrontend\final\src\app\pages\form-controls\checkbox\checkbox.component.html", "HTML", 0, 0, 0, 0, 0, 36, 0, 0, 0, 0, 0, 36
"d:\370\FinalFrontend\final\src\app\pages\form-controls\checkbox\checkbox.component.ts", "TypeScript", 0, 17, 0, 0, 0, 0, 0, 0, 0, 0, 1, 18
"d:\370\FinalFrontend\final\src\app\pages\form-controls\datepicker\datepicker.component.html", "HTML", 0, 0, 0, 0, 0, 128, 0, 0, 0, 0, 0, 128
"d:\370\FinalFrontend\final\src\app\pages\form-controls\datepicker\datepicker.component.scss", "SCSS", 0, 0, 3, 0, 0, 0, 0, 0, 0, 0, 0, 3
"d:\370\FinalFrontend\final\src\app\pages\form-controls\datepicker\datepicker.component.ts", "TypeScript", 0, 26, 0, 0, 0, 0, 0, 0, 0, 4, 6, 36
"d:\370\FinalFrontend\final\src\app\pages\form-controls\form-controls.module.ts", "TypeScript", 0, 49, 0, 0, 0, 0, 0, 0, 0, 0, 2, 51
"d:\370\FinalFrontend\final\src\app\pages\form-controls\form-field\form-field.component.html", "HTML", 0, 0, 0, 0, 0, 126, 0, 0, 0, 0, 0, 126
"d:\370\FinalFrontend\final\src\app\pages\form-controls\form-field\form-field.component.ts", "TypeScript", 0, 36, 0, 0, 0, 0, 0, 0, 0, 0, 5, 41
"d:\370\FinalFrontend\final\src\app\pages\form-controls\input\input.component.html", "HTML", 0, 0, 0, 0, 0, 121, 0, 0, 0, 0, 7, 128
"d:\370\FinalFrontend\final\src\app\pages\form-controls\input\input.component.ts", "TypeScript", 0, 27, 0, 0, 0, 0, 0, 0, 0, 3, 5, 35
"d:\370\FinalFrontend\final\src\app\pages\form-controls\radio-button\radio-button.component.html", "HTML", 0, 0, 0, 0, 0, 30, 0, 0, 0, 0, 0, 30
"d:\370\FinalFrontend\final\src\app\pages\form-controls\radio-button\radio-button.component.scss", "SCSS", 0, 0, 3, 0, 0, 0, 0, 0, 0, 0, 0, 3
"d:\370\FinalFrontend\final\src\app\pages\form-controls\radio-button\radio-button.component.ts", "TypeScript", 0, 21, 0, 0, 0, 0, 0, 0, 0, 0, 2, 23
"d:\370\FinalFrontend\final\src\app\pages\form-controls\select\select.component.html", "HTML", 0, 0, 0, 0, 0, 72, 0, 0, 0, 0, 0, 72
"d:\370\FinalFrontend\final\src\app\pages\form-controls\select\select.component.ts", "TypeScript", 0, 59, 0, 0, 0, 0, 0, 0, 0, 4, 6, 69
"d:\370\FinalFrontend\final\src\app\pages\form-controls\slide-toggle\slide-toggle.component.html", "HTML", 0, 0, 0, 0, 0, 33, 0, 0, 0, 0, 6, 39
"d:\370\FinalFrontend\final\src\app\pages\form-controls\slide-toggle\slide-toggle.component.ts", "TypeScript", 0, 16, 0, 0, 0, 0, 0, 0, 0, 0, 3, 19
"d:\370\FinalFrontend\final\src\app\pages\form-controls\slider\slider.component.html", "HTML", 0, 0, 0, 0, 0, 55, 0, 0, 0, 0, 8, 63
"d:\370\FinalFrontend\final\src\app\pages\form-controls\slider\slider.component.scss", "SCSS", 0, 0, 3, 0, 0, 0, 0, 0, 0, 0, 0, 3
"d:\370\FinalFrontend\final\src\app\pages\form-controls\slider\slider.component.ts", "TypeScript", 0, 31, 0, 0, 0, 0, 0, 0, 0, 0, 6, 37
"d:\370\FinalFrontend\final\src\app\pages\icons\icons.component.html", "HTML", 0, 0, 0, 0, 0, 15, 0, 0, 0, 0, 1, 16
"d:\370\FinalFrontend\final\src\app\pages\icons\icons.component.ts", "TypeScript", 0, 19, 0, 0, 0, 0, 0, 0, 0, 0, 4, 23
"d:\370\FinalFrontend\final\src\app\pages\icons\icons.module.ts", "TypeScript", 0, 19, 0, 0, 0, 0, 0, 0, 0, 0, 2, 21
"d:\370\FinalFrontend\final\src\app\pages\icons\icons.service.ts", "TypeScript", 0, 8, 0, 0, 0, 0, 0, 0, 0, 1, 3, 12
"d:\370\FinalFrontend\final\src\app\pages\landing\landing.component.html", "HTML", 0, 0, 0, 0, 0, 103, 0, 0, 0, 0, 2, 105
"d:\370\FinalFrontend\final\src\app\pages\landing\landing.component.scss", "SCSS", 0, 0, 84, 0, 0, 0, 0, 0, 0, 0, 3, 87
"d:\370\FinalFrontend\final\src\app\pages\landing\landing.component.ts", "TypeScript", 0, 32, 0, 0, 0, 0, 0, 0, 0, 0, 8, 40
"d:\370\FinalFrontend\final\src\app\pages\landing\landing.module.ts", "TypeScript", 0, 19, 0, 0, 0, 0, 0, 0, 0, 0, 3, 22
"d:\370\FinalFrontend\final\src\app\pages\login\login.component.html", "HTML", 0, 0, 0, 0, 0, 30, 0, 0, 0, 0, 6, 36
"d:\370\FinalFrontend\final\src\app\pages\login\login.component.ts", "TypeScript", 0, 60, 0, 0, 0, 0, 0, 0, 0, 2, 20, 82
"d:\370\FinalFrontend\final\src\app\pages\login\login.module.ts", "TypeScript", 0, 22, 0, 0, 0, 0, 0, 0, 0, 0, 2, 24
"d:\370\FinalFrontend\final\src\app\pages\mailbox\mail.model.ts", "TypeScript", 0, 17, 0, 0, 0, 0, 0, 0, 0, 0, 0, 17
"d:\370\FinalFrontend\final\src\app\pages\mailbox\mailbox.component.html", "HTML", 0, 0, 0, 0, 0, 150, 0, 0, 0, 0, 0, 150
"d:\370\FinalFrontend\final\src\app\pages\mailbox\mailbox.component.scss", "SCSS", 0, 0, 60, 0, 0, 0, 0, 0, 0, 0, 2, 62
"d:\370\FinalFrontend\final\src\app\pages\mailbox\mailbox.component.ts", "TypeScript", 0, 114, 0, 0, 0, 0, 0, 0, 0, 0, 15, 129
"d:\370\FinalFrontend\final\src\app\pages\mailbox\mailbox.module.ts", "TypeScript", 0, 28, 0, 0, 0, 0, 0, 0, 0, 0, 2, 30
"d:\370\FinalFrontend\final\src\app\pages\mailbox\mailbox.service.ts", "TypeScript", 0, 290, 0, 0, 0, 0, 0, 0, 0, 0, 8, 298
"d:\370\FinalFrontend\final\src\app\pages\maps\google-maps\google-maps.component.html", "HTML", 0, 0, 0, 0, 0, 7, 0, 0, 0, 0, 0, 7
"d:\370\FinalFrontend\final\src\app\pages\maps\google-maps\google-maps.component.ts", "TypeScript", 0, 16, 0, 0, 0, 0, 0, 0, 0, 0, 1, 17
"d:\370\FinalFrontend\final\src\app\pages\maps\leaflet-maps\leaflet-maps.component.html", "HTML", 0, 0, 0, 0, 0, 5, 0, 0, 0, 0, 0, 5
"d:\370\FinalFrontend\final\src\app\pages\maps\leaflet-maps\leaflet-maps.component.ts", "TypeScript", 0, 28, 0, 0, 0, 0, 0, 0, 0, 0, 10, 38
"d:\370\FinalFrontend\final\src\app\pages\maps\maps.module.ts", "TypeScript", 0, 25, 0, 0, 0, 0, 0, 0, 0, 0, 2, 27
"d:\370\FinalFrontend\final\src\app\pages\pages.component.html", "HTML", 0, 0, 0, 0, 0, 113, 0, 0, 0, 2, 25, 140
"d:\370\FinalFrontend\final\src\app\pages\pages.component.scss", "SCSS", 0, 0, 197, 0, 0, 0, 0, 0, 0, 0, 11, 208
"d:\370\FinalFrontend\final\src\app\pages\pages.component.ts", "TypeScript", 0, 158, 0, 0, 0, 0, 0, 0, 0, 3, 23, 184
"d:\370\FinalFrontend\final\src\app\pages\profile\profile.component.html", "HTML", 0, 0, 0, 0, 0, 12, 0, 0, 0, 0, 1, 13
"d:\370\FinalFrontend\final\src\app\pages\profile\profile.component.scss", "SCSS", 0, 0, 0, 0, 0, 0, 0, 0, 0, 0, 1, 1
"d:\370\FinalFrontend\final\src\app\pages\profile\profile.component.ts", "TypeScript", 0, 14, 0, 0, 0, 0, 0, 0, 0, 0, 4, 18
"d:\370\FinalFrontend\final\src\app\pages\profile\profile.module.ts", "TypeScript", 0, 33, 0, 0, 0, 0, 0, 0, 0, 0, 3, 36
"d:\370\FinalFrontend\final\src\app\pages\profile\projects\projects.component.html", "HTML", 0, 0, 0, 0, 0, 24, 0, 0, 0, 0, 0, 24
"d:\370\FinalFrontend\final\src\app\pages\profile\projects\projects.component.scss", "SCSS", 0, 0, 6, 0, 0, 0, 0, 0, 0, 0, 0, 6
"d:\370\FinalFrontend\final\src\app\pages\profile\projects\projects.component.ts", "TypeScript", 0, 17, 0, 0, 0, 0, 0, 0, 0, 0, 4, 21
"d:\370\FinalFrontend\final\src\app\pages\profile\user-info\user-info.component.html", "HTML", 0, 0, 0, 0, 0, 76, 0, 0, 0, 0, 20, 96
"d:\370\FinalFrontend\final\src\app\pages\profile\user-info\user-info.component.scss", "SCSS", 0, 0, 7, 0, 0, 0, 0, 0, 0, 0, 0, 7
"d:\370\FinalFrontend\final\src\app\pages\profile\user-info\user-info.component.ts", "TypeScript", 0, 58, 0, 0, 0, 0, 0, 0, 0, 1, 8, 67
"d:\370\FinalFrontend\final\src\app\pages\register\register.component.html", "HTML", 0, 0, 0, 0, 0, 70, 0, 0, 0, 0, 23, 93
"d:\370\FinalFrontend\final\src\app\pages\register\register.component.ts", "TypeScript", 0, 129, 0, 0, 0, 0, 0, 0, 0, 9, 48, 186
"d:\370\FinalFrontend\final\src\app\pages\register\register.module.ts", "TypeScript", 0, 24, 0, 0, 0, 0, 0, 0, 0, 0, 3, 27
"d:\370\FinalFrontend\final\src\app\pages\schedule\schedule-dialog\schedule-dialog.component.html", "HTML", 0, 0, 0, 0, 0, 22, 0, 0, 0, 0, 2, 24
"d:\370\FinalFrontend\final\src\app\pages\schedule\schedule-dialog\schedule-dialog.component.ts", "TypeScript", 0, 33, 0, 0, 0, 0, 0, 0, 0, 0, 4, 37
"d:\370\FinalFrontend\final\src\app\pages\schedule\schedule.component.html", "HTML", 0, 0, 0, 0, 0, 60, 0, 0, 0, 0, 3, 63
"d:\370\FinalFrontend\final\src\app\pages\schedule\schedule.component.ts", "TypeScript", 0, 114, 0, 0, 0, 0, 0, 0, 0, 1, 9, 124
"d:\370\FinalFrontend\final\src\app\pages\schedule\schedule.module.ts", "TypeScript", 0, 29, 0, 0, 0, 0, 0, 0, 0, 0, 2, 31
"d:\370\FinalFrontend\final\src\app\pages\search\search.component.html", "HTML", 0, 0, 0, 0, 0, 3, 0, 0, 0, 0, 0, 3
"d:\370\FinalFrontend\final\src\app\pages\search\search.component.ts", "TypeScript", 0, 10, 0, 0, 0, 0, 0, 0, 0, 0, 5, 15
"d:\370\FinalFrontend\final\src\app\pages\tables\basic\basic.component.html", "HTML", 0, 0, 0, 0, 0, 24, 0, 0, 0, 0, 0, 24
"d:\370\FinalFrontend\final\src\app\pages\tables\basic\basic.component.ts", "TypeScript", 0, 18, 0, 0, 0, 0, 0, 0, 0, 0, 1, 19
"d:\370\FinalFrontend\final\src\app\pages\tables\filtering\filtering.component.html", "HTML", 0, 0, 0, 0, 0, 29, 0, 0, 0, 0, 0, 29
"d:\370\FinalFrontend\final\src\app\pages\tables\filtering\filtering.component.ts", "TypeScript", 0, 21, 0, 0, 0, 0, 0, 0, 0, 0, 3, 24
"d:\370\FinalFrontend\final\src\app\pages\tables\ngx-table\ngx-table.component.html", "HTML", 0, 0, 0, 0, 0, 72, 0, 0, 0, 0, 1, 73
"d:\370\FinalFrontend\final\src\app\pages\tables\ngx-table\ngx-table.component.ts", "TypeScript", 0, 60, 0, 0, 0, 0, 0, 0, 0, 0, 8, 68
"d:\370\FinalFrontend\final\src\app\pages\tables\paging\paging.component.html", "HTML", 0, 0, 0, 0, 0, 25, 0, 0, 0, 0, 1, 26
"d:\370\FinalFrontend\final\src\app\pages\tables\paging\paging.component.ts", "TypeScript", 0, 23, 0, 0, 0, 0, 0, 0, 0, 0, 3, 26
"d:\370\FinalFrontend\final\src\app\pages\tables\selecting\selecting.component.html", "HTML", 0, 0, 0, 0, 0, 38, 0, 0, 0, 0, 0, 38
"d:\370\FinalFrontend\final\src\app\pages\tables\selecting\selecting.component.ts", "TypeScript", 0, 27, 0, 0, 0, 0, 0, 0, 0, 0, 6, 33
"d:\370\FinalFrontend\final\src\app\pages\tables\sorting\sorting.component.html", "HTML", 0, 0, 0, 0, 0, 24, 0, 0, 0, 0, 0, 24
"d:\370\FinalFrontend\final\src\app\pages\tables\sorting\sorting.component.ts", "TypeScript", 0, 23, 0, 0, 0, 0, 0, 0, 0, 0, 3, 26
"d:\370\FinalFrontend\final\src\app\pages\tables\tables.module.ts", "TypeScript", 0, 41, 0, 0, 0, 0, 0, 0, 0, 0, 3, 44
"d:\370\FinalFrontend\final\src\app\pages\tables\tables.service.ts", "TypeScript", 0, 36, 0, 0, 0, 0, 0, 0, 0, 0, 7, 43
"d:\370\FinalFrontend\final\src\app\pages\ui\buttons\buttons.component.html", "HTML", 0, 0, 0, 0, 0, 161, 0, 0, 0, 0, 4, 165
"d:\370\FinalFrontend\final\src\app\pages\ui\buttons\buttons.component.ts", "TypeScript", 0, 13, 0, 0, 0, 0, 0, 0, 0, 0, 1, 14
"d:\370\FinalFrontend\final\src\app\pages\ui\cards\cards.component.html", "HTML", 0, 0, 0, 0, 0, 100, 0, 0, 0, 0, 3, 103
"d:\370\FinalFrontend\final\src\app\pages\ui\cards\cards.component.ts", "TypeScript", 0, 13, 0, 0, 0, 0, 0, 0, 0, 0, 1, 14
"d:\370\FinalFrontend\final\src\app\pages\ui\chips\chips.component.html", "HTML", 0, 0, 0, 0, 0, 56, 0, 0, 0, 0, 0, 56
"d:\370\FinalFrontend\final\src\app\pages\ui\chips\chips.component.scss", "SCSS", 0, 0, 3, 0, 0, 0, 0, 0, 0, 0, 0, 3
"d:\370\FinalFrontend\final\src\app\pages\ui\chips\chips.component.ts", "TypeScript", 0, 43, 0, 0, 0, 0, 0, 0, 0, 0, 8, 51
"d:\370\FinalFrontend\final\src\app\pages\ui\dialog\dialog-overview-example-dialog.html", "HTML", 0, 0, 0, 0, 0, 8, 0, 0, 0, 0, 5, 13
"d:\370\FinalFrontend\final\src\app\pages\ui\dialog\dialog.component.html", "HTML", 0, 0, 0, 0, 0, 18, 0, 0, 0, 0, 0, 18
"d:\370\FinalFrontend\final\src\app\pages\ui\dialog\dialog.component.ts", "TypeScript", 0, 37, 0, 0, 0, 0, 0, 0, 0, 0, 9, 46
"d:\370\FinalFrontend\final\src\app\pages\ui\expansion-panel\expansion-panel.component.html", "HTML", 0, 0, 0, 0, 0, 76, 0, 0, 0, 0, 0, 76
"d:\370\FinalFrontend\final\src\app\pages\ui\expansion-panel\expansion-panel.component.ts", "TypeScript", 0, 23, 0, 0, 0, 0, 0, 0, 0, 0, 5, 28
"d:\370\FinalFrontend\final\src\app\pages\ui\grids\grids.component.html", "HTML", 0, 0, 0, 0, 0, 33, 0, 0, 0, 0, 0, 33
"d:\370\FinalFrontend\final\src\app\pages\ui\grids\grids.component.ts", "TypeScript", 0, 19, 0, 0, 0, 0, 0, 0, 0, 0, 1, 20
"d:\370\FinalFrontend\final\src\app\pages\ui\lists\lists.component.html", "HTML", 0, 0, 0, 0, 0, 115, 0, 0, 0, 0, 0, 115
"d:\370\FinalFrontend\final\src\app\pages\ui\lists\lists.component.ts", "TypeScript", 0, 13, 0, 0, 0, 0, 0, 0, 0, 0, 1, 14
"d:\370\FinalFrontend\final\src\app\pages\ui\progress\progress.component.html", "HTML", 0, 0, 0, 0, 0, 39, 0, 0, 0, 0, 0, 39
"d:\370\FinalFrontend\final\src\app\pages\ui\progress\progress.component.ts", "TypeScript", 0, 13, 0, 0, 0, 0, 0, 0, 0, 0, 1, 14
"d:\370\FinalFrontend\final\src\app\pages\ui\snack-bar\snack-bar.component.html", "HTML", 0, 0, 0, 0, 0, 18, 0, 0, 0, 0, 0, 18
"d:\370\FinalFrontend\final\src\app\pages\ui\snack-bar\snack-bar.component.ts", "TypeScript", 0, 19, 0, 0, 0, 0, 0, 0, 0, 0, 1, 20
"d:\370\FinalFrontend\final\src\app\pages\ui\tabs\tabs.component.html", "HTML", 0, 0, 0, 0, 0, 90, 0, 0, 0, 0, 1, 91
"d:\370\FinalFrontend\final\src\app\pages\ui\tabs\tabs.component.ts", "TypeScript", 0, 13, 0, 0, 0, 0, 0, 0, 0, 0, 1, 14
"d:\370\FinalFrontend\final\src\app\pages\ui\tooltip\tooltip.component.html", "HTML", 0, 0, 0, 0, 0, 24, 0, 0, 0, 0, 0, 24
"d:\370\FinalFrontend\final\src\app\pages\ui\tooltip\tooltip.component.ts", "TypeScript", 0, 14, 0, 0, 0, 0, 0, 0, 0, 0, 1, 15
"d:\370\FinalFrontend\final\src\app\pages\ui\ui.module.ts", "TypeScript", 0, 56, 0, 0, 0, 0, 0, 0, 0, 0, 3, 59
"d:\370\FinalFrontend\final\src\app\pages\users\edit-staff-dialog\edit-staff-dialog.component.html", "HTML", 0, 0, 0, 0, 0, 69, 0, 0, 0, 9, 9, 87
"d:\370\FinalFrontend\final\src\app\pages\users\edit-staff-dialog\edit-staff-dialog.component.scss", "SCSS", 0, 0, 20, 0, 0, 0, 0, 0, 0, 0, 0, 20
"d:\370\FinalFrontend\final\src\app\pages\users\edit-staff-dialog\edit-staff-dialog.component.ts", "TypeScript", 0, 139, 0, 0, 0, 0, 0, 0, 0, 50, 25, 214
"d:\370\FinalFrontend\final\src\app\pages\users\staff-service.service.ts", "TypeScript", 0, 80, 0, 0, 0, 0, 0, 0, 0, 3, 21, 104
"d:\370\FinalFrontend\final\src\app\pages\users\user-dialog\user-dialog.component.html", "HTML", 0, 0, 0, 0, 0, 69, 0, 0, 0, 10, 9, 88
"d:\370\FinalFrontend\final\src\app\pages\users\user-dialog\user-dialog.component.scss", "SCSS", 0, 0, 20, 0, 0, 0, 0, 0, 0, 0, 0, 20
"d:\370\FinalFrontend\final\src\app\pages\users\user-dialog\user-dialog.component.ts", "TypeScript", 0, 118, 0, 0, 0, 0, 0, 0, 0, 39, 20, 177
"d:\370\FinalFrontend\final\src\app\pages\users\user.model.ts", "TypeScript", 0, 47, 0, 0, 0, 0, 0, 0, 0, 0, 6, 53
"d:\370\FinalFrontend\final\src\app\pages\users\users.component.html", "HTML", 0, 0, 0, 0, 0, 71, 0, 0, 0, 75, 12, 158
"d:\370\FinalFrontend\final\src\app\pages\users\users.component.scss", "SCSS", 0, 0, 73, 0, 0, 0, 0, 0, 0, 0, 6, 79
"d:\370\FinalFrontend\final\src\app\pages\users\users.component.ts", "TypeScript", 0, 143, 0, 0, 0, 0, 0, 0, 0, 26, 33, 202
"d:\370\FinalFrontend\final\src\app\pages\users\users.data.ts", "TypeScript", 0, 314, 0, 0, 0, 0, 0, 0, 0, 0, 1, 315
"d:\370\FinalFrontend\final\src\app\pages\users\users.module.ts", "TypeScript", 0, 38, 0, 0, 0, 0, 0, 0, 0, 0, 3, 41
"d:\370\FinalFrontend\final\src\app\pages\users\users.service.ts", "TypeScript", 0, 36, 0, 0, 0, 0, 0, 0, 0, 0, 8, 44
"d:\370\FinalFrontend\final\src\app\repair-log\repair-log.component.html", "HTML", 0, 0, 0, 0, 0, 271, 0, 0, 0, 12, 29, 312
"d:\370\FinalFrontend\final\src\app\repair-log\repair-log.component.scss", "SCSS", 0, 0, 57, 0, 0, 0, 0, 0, 0, 11, 13, 81
"d:\370\FinalFrontend\final\src\app\repair-log\repair-log.component.ts", "TypeScript", 0, 264, 0, 0, 0, 0, 0, 0, 0, 20, 64, 348
"d:\370\FinalFrontend\final\src\app\repair-log\repairlog.service.ts", "TypeScript", 0, 92, 0, 0, 0, 0, 0, 0, 0, 6, 26, 124
"d:\370\FinalFrontend\final\src\app\request-email\request-email.component.html", "HTML", 0, 0, 0, 0, 0, 15, 0, 0, 0, 0, 2, 17
"d:\370\FinalFrontend\final\src\app\request-email\request-email.component.scss", "SCSS", 0, 0, 0, 0, 0, 0, 0, 0, 0, 0, 1, 1
"d:\370\FinalFrontend\final\src\app\request-email\request-email.component.ts", "TypeScript", 0, 13, 0, 0, 0, 0, 0, 0, 0, 0, 7, 20
"d:\370\FinalFrontend\final\src\app\scheduledtasks\scheduledtasks.component.html", "HTML", 0, 0, 0, 0, 0, 215, 0, 0, 0, 7, 23, 245
"d:\370\FinalFrontend\final\src\app\scheduledtasks\scheduledtasks.component.scss", "SCSS", 0, 0, 57, 0, 0, 0, 0, 0, 0, 11, 12, 80
"d:\370\FinalFrontend\final\src\app\scheduledtasks\scheduledtasks.component.ts", "TypeScript", 0, 229, 0, 0, 0, 0, 0, 0, 0, 18, 64, 311
"d:\370\FinalFrontend\final\src\app\scheduledtasks\scheduledtasks.service.ts", "TypeScript", 0, 84, 0, 0, 0, 0, 0, 0, 0, 6, 26, 116
"d:\370\FinalFrontend\final\src\app\section-report\section-report.component.html", "HTML", 0, 0, 0, 0, 0, 15, 0, 0, 0, 0, 4, 19
"d:\370\FinalFrontend\final\src\app\section-report\section-report.component.scss", "SCSS", 0, 0, 0, 0, 0, 0, 0, 0, 0, 0, 1, 1
"d:\370\FinalFrontend\final\src\app\section-report\section-report.component.ts", "TypeScript", 0, 15, 0, 0, 0, 0, 0, 0, 0, 0, 8, 23
"d:\370\FinalFrontend\final\src\app\section-type\section-type.component.html", "HTML", 0, 0, 0, 0, 0, 74, 0, 0, 0, 0, 10, 84
"d:\370\FinalFrontend\final\src\app\section-type\section-type.component.scss", "SCSS", 0, 0, 17, 0, 0, 0, 0, 0, 0, 0, 3, 20
"d:\370\FinalFrontend\final\src\app\section-type\section-type.component.ts", "TypeScript", 0, 150, 0, 0, 0, 0, 0, 0, 0, 21, 35, 206
"d:\370\FinalFrontend\final\src\app\section-type\sectiontype-service.service.ts", "TypeScript", 0, 52, 0, 0, 0, 0, 0, 0, 0, 0, 14, 66
"d:\370\FinalFrontend\final\src\app\section\section-service.service.ts", "TypeScript", 0, 62, 0, 0, 0, 0, 0, 0, 0, 7, 20, 89
"d:\370\FinalFrontend\final\src\app\section\section.component.html", "HTML", 0, 0, 0, 0, 0, 164, 0, 0, 0, 0, 12, 176
"d:\370\FinalFrontend\final\src\app\section\section.component.scss", "SCSS", 0, 0, 17, 0, 0, 0, 0, 0, 0, 0, 3, 20
"d:\370\FinalFrontend\final\src\app\section\section.component.ts", "TypeScript", 0, 163, 0, 0, 0, 0, 0, 0, 0, 11, 36, 210
"d:\370\FinalFrontend\final\src\app\shared\Dialogs\ConfirmDialog\confirm-dialog.component.html", "HTML", 0, 0, 0, 0, 0, 10, 0, 0, 0, 0, 0, 10
"d:\370\FinalFrontend\final\src\app\shared\Dialogs\ConfirmDialog\confirm-dialog.component.ts", "TypeScript", 0, 37, 0, 0, 0, 0, 0, 0, 0, 0, 1, 38
"d:\370\FinalFrontend\final\src\app\shared\Dialogs\ConfirmDialog\confirm-dialog.module.ts", "TypeScript", 0, 21, 0, 0, 0, 0, 0, 0, 0, 0, 1, 22
"d:\370\FinalFrontend\final\src\app\shared\Dialogs\ConfirmDialog\confirm-dialog.service.ts", "TypeScript", 0, 32, 0, 0, 0, 0, 0, 0, 0, 0, 4, 36
"d:\370\FinalFrontend\final\src\app\shared\Dialogs\DuplicateDialog\duplicate-dialog.component.html", "HTML", 0, 0, 0, 0, 0, 9, 0, 0, 0, 1, 0, 10
"d:\370\FinalFrontend\final\src\app\shared\Dialogs\DuplicateDialog\duplicate-dialog.component.ts", "TypeScript", 0, 37, 0, 0, 0, 0, 0, 0, 0, 0, 1, 38
"d:\370\FinalFrontend\final\src\app\shared\Dialogs\DuplicateDialog\duplicate-dialog.module.ts", "TypeScript", 0, 21, 0, 0, 0, 0, 0, 0, 0, 0, 1, 22
"d:\370\FinalFrontend\final\src\app\shared\Dialogs\DuplicateDialog\duplicate-dialog.service.ts", "TypeScript", 0, 26, 0, 0, 0, 0, 0, 0, 0, 0, 2, 28
"d:\370\FinalFrontend\final\src\app\shared\Dialogs\ErrorDialog\error-dialog.component.html", "HTML", 0, 0, 0, 0, 0, 9, 0, 0, 0, 1, 0, 10
"d:\370\FinalFrontend\final\src\app\shared\Dialogs\ErrorDialog\error-dialog.component.ts", "TypeScript", 0, 37, 0, 0, 0, 0, 0, 0, 0, 0, 1, 38
"d:\370\FinalFrontend\final\src\app\shared\Dialogs\ErrorDialog\error-dialog.module.ts", "TypeScript", 0, 21, 0, 0, 0, 0, 0, 0, 0, 0, 1, 22
"d:\370\FinalFrontend\final\src\app\shared\Dialogs\ErrorDialog\error-dialog.service.ts", "TypeScript", 0, 26, 0, 0, 0, 0, 0, 0, 0, 0, 2, 28
"d:\370\FinalFrontend\final\src\app\shared\Dialogs\SuccessDialog\success-dialog.component.html", "HTML", 0, 0, 0, 0, 0, 9, 0, 0, 0, 1, 0, 10
"d:\370\FinalFrontend\final\src\app\shared\Dialogs\SuccessDialog\success-dialog.component.ts", "TypeScript", 0, 40, 0, 0, 0, 0, 0, 0, 0, 0, 1, 41
"d:\370\FinalFrontend\final\src\app\shared\Dialogs\SuccessDialog\success-dialog.module.ts", "TypeScript", 0, 21, 0, 0, 0, 0, 0, 0, 0, 0, 1, 22
"d:\370\FinalFrontend\final\src\app\shared\Dialogs\SuccessDialog\success-dialog.service.ts", "TypeScript", 0, 26, 0, 0, 0, 0, 0, 0, 0, 0, 4, 30
"d:\370\FinalFrontend\final\src\app\shared\shared.module.ts", "TypeScript", 0, 106, 0, 0, 0, 0, 0, 0, 0, 0, 2, 108
"d:\370\FinalFrontend\final\src\app\skill\editskill-dialog\editskill-dialog.component.html", "HTML", 0, 0, 0, 0, 0, 21, 0, 0, 0, 0, 4, 25
"d:\370\FinalFrontend\final\src\app\skill\editskill-dialog\editskill-dialog.component.scss", "SCSS", 0, 0, 0, 0, 0, 0, 0, 0, 0, 0, 1, 1
"d:\370\FinalFrontend\final\src\app\skill\editskill-dialog\editskill-dialog.component.ts", "TypeScript", 0, 75, 0, 0, 0, 0, 0, 0, 0, 2, 17, 94
"d:\370\FinalFrontend\final\src\app\skill\skill-dialog\skill-dialog.component.html", "HTML", 0, 0, 0, 0, 0, 21, 0, 0, 0, 0, 5, 26
"d:\370\FinalFrontend\final\src\app\skill\skill-dialog\skill-dialog.component.scss", "SCSS", 0, 0, 6, 0, 0, 0, 0, 0, 0, 0, 1, 7
"d:\370\FinalFrontend\final\src\app\skill\skill-dialog\skill-dialog.component.ts", "TypeScript", 0, 84, 0, 0, 0, 0, 0, 0, 0, 2, 16, 102
"d:\370\FinalFrontend\final\src\app\skill\skill-service.service.ts", "TypeScript", 0, 56, 0, 0, 0, 0, 0, 0, 0, 4, 16, 76
"d:\370\FinalFrontend\final\src\app\skill\skill.component.html", "HTML", 0, 0, 0, 0, 0, 39, 0, 0, 0, 41, 7, 87
"d:\370\FinalFrontend\final\src\app\skill\skill.component.scss", "SCSS", 0, 0, 53, 0, 0, 0, 0, 0, 0, 2, 9, 64
"d:\370\FinalFrontend\final\src\app\skill\skill.component.ts", "TypeScript", 0, 131, 0, 0, 0, 0, 0, 0, 0, 61, 36, 228
"d:\370\FinalFrontend\final\src\app\sr-provider\sr-provider.component.html", "HTML", 0, 0, 0, 0, 0, 152, 0, 0, 0, 0, 12, 164
"d:\370\FinalFrontend\final\src\app\sr-provider\sr-provider.component.scss", "SCSS", 0, 0, 17, 0, 0, 0, 0, 0, 0, 0, 3, 20
"d:\370\FinalFrontend\final\src\app\sr-provider\sr-provider.component.ts", "TypeScript", 0, 148, 0, 0, 0, 0, 0, 0, 0, 12, 32, 192
"d:\370\FinalFrontend\final\src\app\sr-provider\srprovider-service.service.ts", "TypeScript", 0, 51, 0, 0, 0, 0, 0, 0, 0, 6, 17, 74
"d:\370\FinalFrontend\final\src\app\staff-schedule\staff-schedule.component.html", "HTML", 0, 0, 0, 0, 0, 26, 0, 0, 0, 0, 4, 30
"d:\370\FinalFrontend\final\src\app\staff-schedule\staff-schedule.component.scss", "SCSS", 0, 0, 13, 0, 0, 0, 0, 0, 0, 0, 2, 15
"d:\370\FinalFrontend\final\src\app\staff-schedule\staff-schedule.component.ts", "TypeScript", 0, 63, 0, 0, 0, 0, 0, 0, 0, 0, 10, 73
"d:\370\FinalFrontend\final\src\app\staff\staff.component.html", "HTML", 0, 0, 0, 0, 0, 30, 0, 0, 0, 2, 5, 37
"d:\370\FinalFrontend\final\src\app\staff\staff.component.scss", "SCSS", 0, 0, 7, 0, 0, 0, 0, 0, 0, 0, 0, 7
"d:\370\FinalFrontend\final\src\app\staff\staff.component.ts", "TypeScript", 0, 48, 0, 0, 0, 0, 0, 0, 0, 7, 13, 68
"d:\370\FinalFrontend\final\src\app\task-type\task-type.component.html", "HTML", 0, 0, 0, 0, 0, 68, 0, 0, 0, 0, 15, 83
"d:\370\FinalFrontend\final\src\app\task-type\task-type.component.scss", "SCSS", 0, 0, 16, 0, 0, 0, 0, 0, 0, 0, 2, 18
"d:\370\FinalFrontend\final\src\app\task-type\task-type.component.ts", "TypeScript", 0, 78, 0, 0, 0, 0, 0, 0, 0, 1, 17, 96
"d:\370\FinalFrontend\final\src\app\task\task-service.service.ts", "TypeScript", 0, 112, 0, 0, 0, 0, 0, 0, 0, 3, 30, 145
"d:\370\FinalFrontend\final\src\app\task\task.component.html", "HTML", 0, 0, 0, 0, 0, 374, 0, 0, 0, 33, 70, 477
"d:\370\FinalFrontend\final\src\app\task\task.component.scss", "SCSS", 0, 0, 57, 0, 0, 0, 0, 0, 0, 20, 12, 89
"d:\370\FinalFrontend\final\src\app\task\task.component.ts", "TypeScript", 0, 505, 0, 0, 0, 0, 0, 0, 0, 24, 104, 633
"d:\370\FinalFrontend\final\src\app\theme\components\applications\applications.component.html", "HTML", 0, 0, 0, 0, 0, 70, 0, 0, 0, 0, 0, 70
"d:\370\FinalFrontend\final\src\app\theme\components\applications\applications.component.scss", "SCSS", 0, 0, 21, 0, 0, 0, 0, 0, 0, 0, 0, 21
"d:\370\FinalFrontend\final\src\app\theme\components\applications\applications.component.ts", "TypeScript", 0, 12, 0, 0, 0, 0, 0, 0, 0, 0, 4, 16
"d:\370\FinalFrontend\final\src\app\theme\components\breadcrumb\breadcrumb.component.html", "HTML", 0, 0, 0, 0, 0, 14, 0, 0, 0, 0, 2, 16
"d:\370\FinalFrontend\final\src\app\theme\components\breadcrumb\breadcrumb.component.scss", "SCSS", 0, 0, 19, 0, 0, 0, 0, 0, 0, 0, 0, 19
"d:\370\FinalFrontend\final\src\app\theme\components\breadcrumb\breadcrumb.component.ts", "TypeScript", 0, 69, 0, 0, 0, 0, 0, 0, 0, 0, 8, 77
"d:\370\FinalFrontend\final\src\app\theme\components\flags-menu\flags-menu.component.html", "HTML", 0, 0, 0, 0, 0, 27, 0, 0, 0, 3, 0, 30
"d:\370\FinalFrontend\final\src\app\theme\components\flags-menu\flags-menu.component.scss", "SCSS", 0, 0, 10, 0, 0, 0, 0, 0, 0, 0, 0, 10
"d:\370\FinalFrontend\final\src\app\theme\components\flags-menu\flags-menu.component.ts", "TypeScript", 0, 17, 0, 0, 0, 0, 0, 0, 0, 0, 5, 22
"d:\370\FinalFrontend\final\src\app\theme\components\fullscreen\fullscreen.component.ts", "TypeScript", 0, 59, 0, 0, 0, 0, 0, 0, 0, 0, 6, 65
"d:\370\FinalFrontend\final\src\app\theme\components\menu\horizontal-menu\horizontal-menu.component.html", "HTML", 0, 0, 0, 0, 0, 30, 0, 0, 0, 0, 8, 38
"d:\370\FinalFrontend\final\src\app\theme\components\menu\horizontal-menu\horizontal-menu.component.scss", "SCSS", 0, 0, 32, 0, 0, 0, 0, 0, 0, 0, 0, 32
"d:\370\FinalFrontend\final\src\app\theme\components\menu\horizontal-menu\horizontal-menu.component.ts", "TypeScript", 0, 41, 0, 0, 0, 0, 0, 0, 0, 0, 4, 45
"d:\370\FinalFrontend\final\src\app\theme\components\menu\menu.model.ts", "TypeScript", 0, 10, 0, 0, 0, 0, 0, 0, 0, 0, 0, 10
"d:\370\FinalFrontend\final\src\app\theme\components\menu\menu.service.ts", "TypeScript", 0, 60, 0, 0, 0, 0, 0, 0, 0, 0, 11, 71
"d:\370\FinalFrontend\final\src\app\theme\components\menu\menu.ts", "TypeScript", 0, 85, 0, 0, 0, 0, 0, 0, 0, 61, 19, 165
"d:\370\FinalFrontend\final\src\app\theme\components\menu\vertical-menu\vertical-menu.component.html", "HTML", 0, 0, 0, 0, 0, 29, 0, 0, 0, 0, 1, 30
"d:\370\FinalFrontend\final\src\app\theme\components\menu\vertical-menu\vertical-menu.component.scss", "SCSS", 0, 0, 45, 0, 0, 0, 0, 0, 0, 0, 4, 49
"d:\370\FinalFrontend\final\src\app\theme\components\menu\vertical-menu\vertical-menu.component.ts", "TypeScript", 0, 45, 0, 0, 0, 0, 0, 0, 0, 0, 6, 51
"d:\370\FinalFrontend\final\src\app\theme\components\messages\messages.component.html", "HTML", 0, 0, 0, 0, 0, 68, 0, 0, 0, 2, 0, 70
"d:\370\FinalFrontend\final\src\app\theme\components\messages\messages.component.scss", "SCSS", 0, 0, 50, 0, 0, 0, 0, 0, 0, 0, 0, 50
"d:\370\FinalFrontend\final\src\app\theme\components\messages\messages.component.ts", "TypeScript", 0, 35, 0, 0, 0, 0, 0, 0, 0, 0, 7, 42
"d:\370\FinalFrontend\final\src\app\theme\components\messages\messages.service.ts", "TypeScript", 0, 125, 0, 0, 0, 0, 0, 0, 0, 0, 8, 133
"d:\370\FinalFrontend\final\src\app\theme\components\sidenav\sidenav.component.html", "HTML", 0, 0, 0, 0, 0, 12, 0, 0, 0, 0, 6, 18
"d:\370\FinalFrontend\final\src\app\theme\components\sidenav\sidenav.component.scss", "SCSS", 0, 0, 48, 0, 0, 0, 0, 0, 0, 0, 4, 52
"d:\370\FinalFrontend\final\src\app\theme\components\sidenav\sidenav.component.ts", "TypeScript", 0, 36, 0, 0, 0, 0, 0, 0, 0, 0, 5, 41
"d:\370\FinalFrontend\final\src\app\theme\components\user-menu\user-menu.component.html", "HTML", 0, 0, 0, 0, 0, 28, 0, 0, 0, 2, 3, 33
"d:\370\FinalFrontend\final\src\app\theme\components\user-menu\user-menu.component.scss", "SCSS", 0, 0, 17, 0, 0, 0, 0, 0, 0, 0, 0, 17
"d:\370\FinalFrontend\final\src\app\theme\components\user-menu\user-menu.component.ts", "TypeScript", 0, 13, 0, 0, 0, 0, 0, 0, 0, 0, 4, 17
"d:\370\FinalFrontend\final\src\app\theme\directives\detect-scroll\detect-scroll.directive.ts", "TypeScript", 0, 22, 0, 0, 0, 0, 0, 0, 0, 0, 7, 29
"d:\370\FinalFrontend\final\src\app\theme\directives\directives.module.ts", "TypeScript", 0, 15, 0, 0, 0, 0, 0, 0, 0, 0, 2, 17
"d:\370\FinalFrontend\final\src\app\theme\pipes\pagination\pagination.pipe.ts", "TypeScript", 0, 19, 0, 0, 0, 0, 0, 0, 0, 0, 3, 22
"d:\370\FinalFrontend\final\src\app\theme\pipes\pipes.module.ts", "TypeScript", 0, 30, 0, 0, 0, 0, 0, 0, 0, 0, 3, 33
"d:\370\FinalFrontend\final\src\app\theme\pipes\profilePicture\profilePicture.pipe.ts", "TypeScript", 0, 7, 0, 0, 0, 0, 0, 0, 0, 0, 2, 9
"d:\370\FinalFrontend\final\src\app\theme\pipes\search\chat-person-search.pipe.ts", "TypeScript", 0, 14, 0, 0, 0, 0, 0, 0, 0, 0, 2, 16
"d:\370\FinalFrontend\final\src\app\theme\pipes\search\mail-search.pipe.ts", "TypeScript", 0, 18, 0, 0, 0, 0, 0, 0, 0, 0, 3, 21
"d:\370\FinalFrontend\final\src\app\theme\pipes\search\user-search.pipe.ts", "TypeScript", 0, 19, 0, 0, 0, 0, 0, 0, 0, 1, 1, 21
"d:\370\FinalFrontend\final\src\app\theme\pipes\truncate\truncate.pipe.ts", "TypeScript", 0, 10, 0, 0, 0, 0, 0, 0, 0, 0, 1, 11
"d:\370\FinalFrontend\final\src\app\theme\styles\_base.scss", "SCSS", 0, 0, 469, 0, 0, 0, 0, 0, 0, 4, 15, 488
"d:\370\FinalFrontend\final\src\app\theme\styles\_libs-override.scss", "SCSS", 0, 0, 97, 0, 0, 0, 0, 0, 0, 3, 13, 113
"d:\370\FinalFrontend\final\src\app\theme\styles\_mixins.scss", "SCSS", 0, 0, 14, 0, 0, 0, 0, 0, 0, 0, 0, 14
"d:\370\FinalFrontend\final\src\app\theme\styles\_rtl.scss", "SCSS", 0, 0, 140, 0, 0, 0, 0, 0, 0, 0, 11, 151
"d:\370\FinalFrontend\final\src\app\theme\styles\_theme-reset.scss", "SCSS", 0, 0, 118, 0, 0, 0, 0, 0, 0, 4, 6, 128
"d:\370\FinalFrontend\final\src\app\theme\styles\_theme.scss", "SCSS", 0, 0, 35, 0, 0, 0, 0, 0, 0, 0, 1, 36
"d:\370\FinalFrontend\final\src\app\theme\styles\_variables.scss", "SCSS", 0, 0, 12, 0, 0, 0, 0, 0, 0, 1, 5, 18
"d:\370\FinalFrontend\final\src\app\theme\styles\skins\_blue-dark.scss", "SCSS", 0, 0, 4, 0, 0, 0, 0, 0, 0, 0, 1, 5
"d:\370\FinalFrontend\final\src\app\theme\styles\skins\_green-dark.scss", "SCSS", 0, 0, 4, 0, 0, 0, 0, 0, 0, 0, 1, 5
"d:\370\FinalFrontend\final\src\app\theme\styles\skins\_indigo-light.scss", "SCSS", 0, 0, 4, 0, 0, 0, 0, 0, 0, 0, 1, 5
"d:\370\FinalFrontend\final\src\app\theme\styles\skins\_pink-dark.scss", "SCSS", 0, 0, 4, 0, 0, 0, 0, 0, 0, 0, 1, 5
"d:\370\FinalFrontend\final\src\app\theme\styles\skins\_red-light.scss", "SCSS", 0, 0, 4, 0, 0, 0, 0, 0, 0, 0, 1, 5
"d:\370\FinalFrontend\final\src\app\theme\styles\skins\_teal-light.scss", "SCSS", 0, 0, 4, 0, 0, 0, 0, 0, 0, 0, 1, 5
"d:\370\FinalFrontend\final\src\app\theme\utils\app-animation.ts", "TypeScript", 0, 49, 0, 0, 0, 0, 0, 0, 0, 0, 2, 51
"d:\370\FinalFrontend\final\src\app\theme\utils\app-validators.ts", "TypeScript", 0, 16, 0, 0, 0, 0, 0, 0, 0, 0, 2, 18
"d:\370\FinalFrontend\final\src\app\theme\utils\custom-overlay-container.ts", "TypeScript", 0, 11, 0, 0, 0, 0, 0, 0, 0, 0, 1, 12
"d:\370\FinalFrontend\final\src\app\vehicle-service\vehicle-service.component.html", "HTML", 0, 0, 0, 0, 0, 369, 0, 0, 0, 0, 31, 400
"d:\370\FinalFrontend\final\src\app\vehicle-service\vehicle-service.component.scss", "SCSS", 0, 0, 9, 0, 0, 0, 0, 0, 0, 0, 0, 9
"d:\370\FinalFrontend\final\src\app\vehicle-service\vehicle-service.component.ts", "TypeScript", 0, 385, 0, 0, 0, 0, 0, 0, 0, 11, 63, 459
"d:\370\FinalFrontend\final\src\app\vehicle-service\vsService.service.ts", "TypeScript", 0, 79, 0, 0, 0, 0, 0, 0, 0, 9, 13, 101
"d:\370\FinalFrontend\final\src\app\vehicle-types\Vehicletypeservice.ts", "TypeScript", 0, 45, 0, 0, 0, 0, 0, 0, 0, 3, 10, 58
"d:\370\FinalFrontend\final\src\app\vehicle-types\vehicle-types.component.html", "HTML", 0, 0, 0, 0, 0, 66, 0, 0, 0, 0, 25, 91
"d:\370\FinalFrontend\final\src\app\vehicle-types\vehicle-types.component.scss", "SCSS", 0, 0, 9, 0, 0, 0, 0, 0, 0, 0, 1, 10
"d:\370\FinalFrontend\final\src\app\vehicle-types\vehicle-types.component.ts", "TypeScript", 0, 173, 0, 0, 0, 0, 0, 0, 0, 9, 31, 213
"d:\370\FinalFrontend\final\src\app\vehicle\vehicle.component.html", "HTML", 0, 0, 0, 0, 0, 422, 0, 0, 0, 0, 99, 521
"d:\370\FinalFrontend\final\src\app\vehicle\vehicle.component.scss", "SCSS", 0, 0, 22, 0, 0, 0, 0, 0, 0, 0, 4, 26
"d:\370\FinalFrontend\final\src\app\vehicle\vehicle.component.ts", "TypeScript", 0, 308, 0, 0, 0, 0, 0, 0, 0, 17, 72, 397
"d:\370\FinalFrontend\final\src\app\vehicle\vehicleservice.ts", "TypeScript", 0, 92, 0, 0, 0, 0, 0, 0, 0, 0, 26, 118
"d:\370\FinalFrontend\final\src\assets\data\company.json", "JSON", 505, 0, 0, 0, 0, 0, 0, 0, 0, 0, 1, 506
"d:\370\FinalFrontend\final\src\assets\img\flags\de.svg", "XML", 0, 0, 0, 0, 0, 0, 0, 5, 0, 0, 1, 6
"d:\370\FinalFrontend\final\src\assets\img\flags\fr.svg", "XML", 0, 0, 0, 0, 0, 0, 0, 7, 0, 0, 1, 8
"d:\370\FinalFrontend\final\src\assets\img\flags\gb.svg", "XML", 0, 0, 0, 0, 0, 0, 0, 15, 0, 0, 1, 16
"d:\370\FinalFrontend\final\src\assets\img\flags\ru.svg", "XML", 0, 0, 0, 0, 0, 0, 0, 7, 0, 0, 1, 8
"d:\370\FinalFrontend\final\src\assets\img\flags\tr.svg", "XML", 0, 0, 0, 0, 0, 0, 0, 8, 0, 0, 1, 9
"d:\370\FinalFrontend\final\src\buildspec.yml", "YAML", 0, 0, 0, 0, 0, 0, 0, 0, 24, 2, 1, 27
"d:\370\FinalFrontend\final\src\dist\10-es2015.c4951c61377f1f5bdfb8.js", "JavaScript", 0, 0, 0, 0, 1, 0, 0, 0, 0, 0, 0, 1
"d:\370\FinalFrontend\final\src\dist\10-es5.c4951c61377f1f5bdfb8.js", "JavaScript", 0, 0, 0, 0, 1, 0, 0, 0, 0, 0, 0, 1
"d:\370\FinalFrontend\final\src\dist\11-es2015.35c4b5f67759860c019b.js", "JavaScript", 0, 0, 0, 0, 1, 0, 0, 0, 0, 0, 0, 1
"d:\370\FinalFrontend\final\src\dist\11-es5.35c4b5f67759860c019b.js", "JavaScript", 0, 0, 0, 0, 1, 0, 0, 0, 0, 0, 0, 1
"d:\370\FinalFrontend\final\src\dist\12-es2015.16be08bc3e5ed2d80c0c.js", "JavaScript", 0, 0, 0, 0, 1, 0, 0, 0, 0, 0, 0, 1
"d:\370\FinalFrontend\final\src\dist\12-es5.16be08bc3e5ed2d80c0c.js", "JavaScript", 0, 0, 0, 0, 1, 0, 0, 0, 0, 0, 0, 1
"d:\370\FinalFrontend\final\src\dist\13-es2015.40d53582328ef065145f.js", "JavaScript", 0, 0, 0, 0, 1, 0, 0, 0, 0, 0, 0, 1
"d:\370\FinalFrontend\final\src\dist\13-es5.40d53582328ef065145f.js", "JavaScript", 0, 0, 0, 0, 1, 0, 0, 0, 0, 0, 0, 1
"d:\370\FinalFrontend\final\src\dist\14-es2015.ec86f516cb70b185a94a.js", "JavaScript", 0, 0, 0, 0, 1, 0, 0, 0, 0, 0, 0, 1
"d:\370\FinalFrontend\final\src\dist\14-es5.ec86f516cb70b185a94a.js", "JavaScript", 0, 0, 0, 0, 1, 0, 0, 0, 0, 0, 0, 1
"d:\370\FinalFrontend\final\src\dist\15-es2015.1b12897b45273b6baa06.js", "JavaScript", 0, 0, 0, 0, 1, 0, 0, 0, 0, 0, 0, 1
"d:\370\FinalFrontend\final\src\dist\15-es5.1b12897b45273b6baa06.js", "JavaScript", 0, 0, 0, 0, 1, 0, 0, 0, 0, 0, 0, 1
"d:\370\FinalFrontend\final\src\dist\16-es2015.4cdd83adf88de458cd27.js", "JavaScript", 0, 0, 0, 0, 1, 0, 0, 0, 0, 0, 0, 1
"d:\370\FinalFrontend\final\src\dist\16-es5.4cdd83adf88de458cd27.js", "JavaScript", 0, 0, 0, 0, 1, 0, 0, 0, 0, 0, 0, 1
"d:\370\FinalFrontend\final\src\dist\17-es2015.1e627305b6ee458159e2.js", "JavaScript", 0, 0, 0, 0, 1, 0, 0, 0, 0, 0, 0, 1
"d:\370\FinalFrontend\final\src\dist\17-es5.1e627305b6ee458159e2.js", "JavaScript", 0, 0, 0, 0, 1, 0, 0, 0, 0, 0, 0, 1
"d:\370\FinalFrontend\final\src\dist\18-es2015.e3148b5d9a7d0818f4cd.js", "JavaScript", 0, 0, 0, 0, 1, 0, 0, 0, 0, 0, 0, 1
"d:\370\FinalFrontend\final\src\dist\18-es5.e3148b5d9a7d0818f4cd.js", "JavaScript", 0, 0, 0, 0, 1, 0, 0, 0, 0, 0, 0, 1
"d:\370\FinalFrontend\final\src\dist\19-es2015.190a9306cc5e9c2fe20b.js", "JavaScript", 0, 0, 0, 0, 1, 0, 0, 0, 0, 0, 0, 1
"d:\370\FinalFrontend\final\src\dist\19-es5.190a9306cc5e9c2fe20b.js", "JavaScript", 0, 0, 0, 0, 1, 0, 0, 0, 0, 0, 0, 1
"d:\370\FinalFrontend\final\src\dist\20-es2015.adc97534ec8fdb63fe27.js", "JavaScript", 0, 0, 0, 0, 1, 0, 0, 0, 0, 0, 0, 1
"d:\370\FinalFrontend\final\src\dist\20-es5.adc97534ec8fdb63fe27.js", "JavaScript", 0, 0, 0, 0, 1, 0, 0, 0, 0, 0, 0, 1
"d:\370\FinalFrontend\final\src\dist\6-es2015.08d9094f006ab2b03d56.js", "JavaScript", 0, 0, 0, 0, 1, 0, 0, 0, 0, 0, 0, 1
"d:\370\FinalFrontend\final\src\dist\6-es5.08d9094f006ab2b03d56.js", "JavaScript", 0, 0, 0, 0, 1, 0, 0, 0, 0, 0, 0, 1
"d:\370\FinalFrontend\final\src\dist\7-es2015.e9c7bcb174bc15d302b6.js", "JavaScript", 0, 0, 0, 0, 1, 0, 0, 0, 0, 0, 0, 1
"d:\370\FinalFrontend\final\src\dist\7-es5.e9c7bcb174bc15d302b6.js", "JavaScript", 0, 0, 0, 0, 1, 0, 0, 0, 0, 0, 0, 1
"d:\370\FinalFrontend\final\src\dist\8-es2015.822988f362d3cfc25695.js", "JavaScript", 0, 0, 0, 0, 1, 0, 0, 0, 0, 0, 0, 1
"d:\370\FinalFrontend\final\src\dist\8-es5.822988f362d3cfc25695.js", "JavaScript", 0, 0, 0, 0, 1, 0, 0, 0, 0, 0, 0, 1
"d:\370\FinalFrontend\final\src\dist\9-es2015.750771ad60d211b65730.js", "JavaScript", 0, 0, 0, 0, 1, 0, 0, 0, 0, 0, 0, 1
"d:\370\FinalFrontend\final\src\dist\9-es5.750771ad60d211b65730.js", "JavaScript", 0, 0, 0, 0, 1, 0, 0, 0, 0, 0, 0, 1
"d:\370\FinalFrontend\final\src\dist\assets\data\company.json", "JSON", 505, 0, 0, 0, 0, 0, 0, 0, 0, 0, 1, 506
"d:\370\FinalFrontend\final\src\dist\assets\img\flags\de.svg", "XML", 0, 0, 0, 0, 0, 0, 0, 5, 0, 0, 1, 6
"d:\370\FinalFrontend\final\src\dist\assets\img\flags\fr.svg", "XML", 0, 0, 0, 0, 0, 0, 0, 7, 0, 0, 1, 8
"d:\370\FinalFrontend\final\src\dist\assets\img\flags\gb.svg", "XML", 0, 0, 0, 0, 0, 0, 0, 15, 0, 0, 1, 16
"d:\370\FinalFrontend\final\src\dist\assets\img\flags\ru.svg", "XML", 0, 0, 0, 0, 0, 0, 0, 7, 0, 0, 1, 8
"d:\370\FinalFrontend\final\src\dist\assets\img\flags\tr.svg", "XML", 0, 0, 0, 0, 0, 0, 0, 8, 0, 0, 1, 9
"d:\370\FinalFrontend\final\src\dist\common-es2015.626c1efe8129cf01cfda.js", "JavaScript", 0, 0, 0, 0, 1, 0, 0, 0, 0, 0, 0, 1
"d:\370\FinalFrontend\final\src\dist\common-es2015.js", "JavaScript", 0, 0, 0, 0, 24, 0, 0, 0, 0, 5, 5, 34
"d:\370\FinalFrontend\final\src\dist\common-es5.626c1efe8129cf01cfda.js", "JavaScript", 0, 0, 0, 0, 1, 0, 0, 0, 0, 0, 0, 1
"d:\370\FinalFrontend\final\src\dist\common-es5.js", "JavaScript", 0, 0, 0, 0, 32, 0, 0, 0, 0, 10, 12, 54
"d:\370\FinalFrontend\final\src\dist\data-table.3b0234636efe7d0e78de.svg", "XML", 0, 0, 0, 0, 0, 0, 0, 25, 0, 0, 2, 27
"d:\370\FinalFrontend\final\src\dist\data-table.svg", "XML", 0, 0, 0, 0, 0, 0, 0, 25, 0, 0, 2, 27
"d:\370\FinalFrontend\final\src\dist\index.html", "HTML", 0, 0, 0, 0, 0, 16, 0, 0, 0, 0, 0, 16
"d:\370\FinalFrontend\final\src\dist\main-es2015.177655db2de692af14a0.js", "JavaScript", 0, 0, 0, 0, 1, 0, 0, 0, 0, 0, 0, 1
"d:\370\FinalFrontend\final\src\dist\main-es2015.js", "JavaScript", 0, 0, 0, 0, 6903, 0, 0, 0, 0, 925, 1129, 8957
"d:\370\FinalFrontend\final\src\dist\main-es5.177655db2de692af14a0.js", "JavaScript", 0, 0, 0, 0, 1, 0, 0, 0, 0, 0, 0, 1
"d:\370\FinalFrontend\final\src\dist\main-es5.js", "JavaScript", 0, 0, 0, 0, 8897, 0, 0, 0, 0, 2525, 2804, 14226
"d:\370\FinalFrontend\final\src\dist\pages-charts-charts-module-es2015.js", "JavaScript", 0, 0, 0, 0, 524, 0, 0, 0, 0, 41, 63, 628
"d:\370\FinalFrontend\final\src\dist\pages-charts-charts-module-es5.js", "JavaScript", 0, 0, 0, 0, 574, 0, 0, 0, 0, 130, 151, 855
"d:\370\FinalFrontend\final\src\dist\pages-chat-chat-module-es2015.js", "JavaScript", 0, 0, 0, 0, 209, 0, 0, 0, 0, 75, 39, 323
"d:\370\FinalFrontend\final\src\dist\pages-chat-chat-module-es5.js", "JavaScript", 0, 0, 0, 0, 248, 0, 0, 0, 0, 127, 95, 470
"d:\370\FinalFrontend\final\src\dist\pages-drag-drop-drag-drop-module-es2015.js", "JavaScript", 0, 0, 0, 0, 1265, 0, 0, 0, 0, 284, 182, 1731
"d:\370\FinalFrontend\final\src\dist\pages-drag-drop-drag-drop-module-es5.js", "JavaScript", 0, 0, 0, 0, 1677, 0, 0, 0, 0, 377, 544, 2598
"d:\370\FinalFrontend\final\src\dist\pages-dynamic-menu-dynamic-menu-module-es2015.js", "JavaScript", 0, 0, 0, 0, 270, 0, 0, 0, 0, 21, 41, 332
"d:\370\FinalFrontend\final\src\dist\pages-dynamic-menu-dynamic-menu-module-es5.js", "JavaScript", 0, 0, 0, 0, 323, 0, 0, 0, 0, 80, 110, 513
"d:\370\FinalFrontend\final\src\dist\pages-form-controls-form-controls-module-es2015.js", "JavaScript", 0, 0, 0, 0, 605, 0, 0, 0, 0, 99, 125, 829
"d:\370\FinalFrontend\final\src\dist\pages-form-controls-form-controls-module-es5.js", "JavaScript", 0, 0, 0, 0, 787, 0, 0, 0, 0, 268, 304, 1359
"d:\370\FinalFrontend\final\src\dist\pages-icons-icons-module-es2015.js", "JavaScript", 0, 0, 0, 0, 110, 0, 0, 0, 0, 18, 28, 156
"d:\370\FinalFrontend\final\src\dist\pages-icons-icons-module-es5.js", "JavaScript", 0, 0, 0, 0, 145, 0, 0, 0, 0, 53, 66, 264
"d:\370\FinalFrontend\final\src\dist\pages-landing-landing-module-es2015.js", "JavaScript", 0, 0, 0, 0, 104, 0, 0, 0, 0, 17, 24, 145
"d:\370\FinalFrontend\final\src\dist\pages-landing-landing-module-es5.js", "JavaScript", 0, 0, 0, 0, 139, 0, 0, 0, 0, 50, 55, 244
"d:\370\FinalFrontend\final\src\dist\pages-login-login-module-es2015.js", "JavaScript", 0, 0, 0, 0, 123, 0, 0, 0, 0, 15, 26, 164
"d:\370\FinalFrontend\final\src\dist\pages-login-login-module-es5.js", "JavaScript", 0, 0, 0, 0, 160, 0, 0, 0, 0, 53, 67, 280
"d:\370\FinalFrontend\final\src\dist\pages-mailbox-mailbox-module-es2015.js", "JavaScript", 0, 0, 0, 0, 10349, 0, 0, 0, 0, 709, 1866, 12924
"d:\370\FinalFrontend\final\src\dist\pages-mailbox-mailbox-module-es5.js", "JavaScript", 0, 0, 0, 0, 13141, 0, 0, 0, 0, 979, 3321, 17441
"d:\370\FinalFrontend\final\src\dist\pages-maps-maps-module-es2015.js", "JavaScript", 0, 0, 0, 0, 6661, 0, 0, 0, 0, 542, 2219, 9422
"d:\370\FinalFrontend\final\src\dist\pages-maps-maps-module-es5.js", "JavaScript", 0, 0, 0, 0, 6808, 0, 0, 0, 0, 590, 1421, 8819
"d:\370\FinalFrontend\final\src\dist\pages-profile-profile-module-es2015.js", "JavaScript", 0, 0, 0, 0, 245, 0, 0, 0, 0, 42, 51, 338
"d:\370\FinalFrontend\final\src\dist\pages-profile-profile-module-es5.js", "JavaScript", 0, 0, 0, 0, 350, 0, 0, 0, 0, 113, 121, 584
"d:\370\FinalFrontend\final\src\dist\pages-register-register-module-es2015.js", "JavaScript", 0, 0, 0, 0, 215, 0, 0, 0, 0, 29, 32, 276
"d:\370\FinalFrontend\final\src\dist\pages-register-register-module-es5.js", "JavaScript", 0, 0, 0, 0, 311, 0, 0, 0, 0, 68, 118, 497
"d:\370\FinalFrontend\final\src\dist\pages-tables-tables-module-es2015.js", "JavaScript", 0, 0, 0, 0, 6424, 0, 0, 0, 0, 2695, 170, 9289
"d:\370\FinalFrontend\final\src\dist\pages-tables-tables-module-es5.js", "JavaScript", 0, 0, 0, 0, 9645, 0, 0, 0, 0, 2964, 2256, 14865
"d:\370\FinalFrontend\final\src\dist\pages-ui-ui-module-es2015.js", "JavaScript", 0, 0, 0, 0, 639, 0, 0, 0, 0, 101, 142, 882
"d:\370\FinalFrontend\final\src\dist\pages-ui-ui-module-es5.js", "JavaScript", 0, 0, 0, 0, 861, 0, 0, 0, 0, 298, 339, 1498
"d:\370\FinalFrontend\final\src\dist\pages-users-users-module-es2015.js", "JavaScript", 0, 0, 0, 0, 2702, 0, 0, 0, 0, 493, 183, 3378
"d:\370\FinalFrontend\final\src\dist\pages-users-users-module-es5.js", "JavaScript", 0, 0, 0, 0, 3240, 0, 0, 0, 0, 722, 915, 4877
"d:\370\FinalFrontend\final\src\dist\polyfills-es2015.679bae2b81bb6ceaf4d6.js", "JavaScript", 0, 0, 0, 0, 1, 0, 0, 0, 0, 0, 0, 1
"d:\370\FinalFrontend\final\src\dist\polyfills-es2015.js", "JavaScript", 0, 0, 0, 0, 4396, 0, 0, 0, 0, 1101, 632, 6129
"d:\370\FinalFrontend\final\src\dist\polyfills-es5.8b2d66c414ffc4ed1f19.js", "JavaScript", 0, 0, 0, 0, 1, 0, 0, 0, 0, 0, 0, 1
"d:\370\FinalFrontend\final\src\dist\polyfills-es5.js", "JavaScript", 0, 0, 0, 0, 11541, 0, 0, 0, 0, 4534, 4182, 20257
"d:\370\FinalFrontend\final\src\dist\runtime-es2015.90530e63898fdc998017.js", "JavaScript", 0, 0, 0, 0, 1, 0, 0, 0, 0, 0, 0, 1
"d:\370\FinalFrontend\final\src\dist\runtime-es2015.js", "JavaScript", 0, 0, 0, 0, 188, 0, 0, 0, 0, 36, 0, 224
"d:\370\FinalFrontend\final\src\dist\runtime-es5.90530e63898fdc998017.js", "JavaScript", 0, 0, 0, 0, 1, 0, 0, 0, 0, 0, 0, 1
"d:\370\FinalFrontend\final\src\dist\runtime-es5.js", "JavaScript", 0, 0, 0, 0, 188, 0, 0, 0, 0, 36, 0, 224
"d:\370\FinalFrontend\final\src\dist\styles-es2015.js", "JavaScript", 0, 0, 0, 0, 321, 0, 0, 0, 0, 59, 122, 502
"d:\370\FinalFrontend\final\src\dist\styles-es5.js", "JavaScript", 0, 0, 0, 0, 343, 0, 0, 0, 0, 84, 114, 541
"d:\370\FinalFrontend\final\src\dist\styles.c866c20e4f95df7ac317.css", "CSS", 0, 0, 0, 0, 0, 0, 3, 0, 0, 0, 0, 3
"d:\370\FinalFrontend\final\src\dist\vendor-es2015.js", "JavaScript", 0, 0, 0, 0, 177419, 0, 0, 0, 0, 97351, 11118, 285888
"d:\370\FinalFrontend\final\src\dist\vendor-es5.js", "JavaScript", 0, 0, 0, 0, 235525, 0, 0, 0, 0, 112330, 72848, 420703
"d:\370\FinalFrontend\final\src\e2e\protractor.conf.js", "JavaScript", 0, 0, 0, 0, 24, 0, 0, 0, 0, 6, 2, 32
"d:\370\FinalFrontend\final\src\e2e\src\app.e2e-spec.ts", "TypeScript", 0, 18, 0, 0, 0, 0, 0, 0, 0, 1, 5, 24
"d:\370\FinalFrontend\final\src\e2e\src\app.po.ts", "TypeScript", 0, 9, 0, 0, 0, 0, 0, 0, 0, 0, 3, 12
"d:\370\FinalFrontend\final\src\e2e\tsconfig.e2e.json", "JSON", 13, 0, 0, 0, 0, 0, 0, 0, 0, 0, 0, 13
"d:\370\FinalFrontend\final\src\e2e\tsconfig.json", "JSON", 13, 0, 0, 0, 0, 0, 0, 0, 0, 0, 1, 14
"d:\370\FinalFrontend\final\src\environments\environment.prod.ts", "TypeScript", 0, 3, 0, 0, 0, 0, 0, 0, 0, 0, 1, 4
"d:\370\FinalFrontend\final\src\environments\environment.ts", "TypeScript", 0, 3, 0, 0, 0, 0, 0, 0, 0, 11, 6, 20
"d:\370\FinalFrontend\final\src\index.html", "HTML", 0, 0, 0, 0, 0, 16, 0, 0, 0, 0, 0, 16
"d:\370\FinalFrontend\final\src\karma.conf.js", "JavaScript", 0, 0, 0, 0, 29, 0, 0, 0, 0, 2, 2, 33
"d:\370\FinalFrontend\final\src\main.ts", "TypeScript", 0, 9, 0, 0, 0, 0, 0, 0, 0, 0, 5, 14
"d:\370\FinalFrontend\final\src\package-lock.json", "JSON", 15692, 0, 0, 0, 0, 0, 0, 0, 0, 0, 1, 15693
"d:\370\FinalFrontend\final\src\package.json", "JSON", 77, 0, 0, 0, 0, 0, 0, 0, 0, 0, 1, 78
"d:\370\FinalFrontend\final\src\polyfills.ts", "TypeScript", 0, 2, 0, 0, 0, 0, 0, 0, 0, 56, 8, 66
"d:\370\FinalFrontend\final\src\styles.scss", "SCSS", 0, 0, 18, 0, 0, 0, 0, 0, 0, 3, 9, 30
"d:\370\FinalFrontend\final\src\test.ts", "TypeScript", 0, 13, 0, 0, 0, 0, 0, 0, 0, 4, 4, 21
"d:\370\FinalFrontend\final\src\tsconfig.app.json", "JSON", 17, 0, 0, 0, 0, 0, 0, 0, 0, 0, 1, 18
"d:\370\FinalFrontend\final\src\tsconfig.json", "JSON", 21, 0, 0, 0, 0, 0, 0, 0, 0, 0, 1, 22
"d:\370\FinalFrontend\final\src\tsconfig.spec.json", "JSON", 18, 0, 0, 0, 0, 0, 0, 0, 0, 0, 1, 19
"d:\370\FinalFrontend\final\src\tslint.json", "JSON", 92, 0, 0, 0, 0, 0, 0, 0, 0, 0, 0, 92
"d:\370\FinalFrontend\final\src\typings.d.ts", "TypeScript", 0, 11, 0, 0, 0, 0, 0, 0, 0, 0, 0, 11
"d:\370\FinalFrontend\final\tsconfig.app.json", "JSON", 17, 0, 0, 0, 0, 0, 0, 0, 0, 0, 1, 18
"d:\370\FinalFrontend\final\tsconfig.json", "JSON", 21, 0, 0, 0, 0, 0, 0, 0, 0, 0, 1, 22
"d:\370\FinalFrontend\final\tsconfig.spec.json", "JSON", 18, 0, 0, 0, 0, 0, 0, 0, 0, 0, 1, 19
"d:\370\FinalFrontend\final\tslint.json", "JSON", 92, 0, 0, 0, 0, 0, 0, 0, 0, 0, 0, 92
"Total", "-", 33797, 12277, 2312, 28, 514814, 7649, 6, 201, 48, 232143, 111246, 914521